{"level":"error","message":"UNHANDLED EXCEPTION: ReferenceError - res is not defined","timestamp":"2025-11-14T06:39:20.254Z"}
{"level":"error","message":"UNHANDLED REJECTION: Error - queryTxt ETIMEOUT restaurant.k0gc3.mongodb.net","timestamp":"2025-11-14T19:37:42.131Z"}
{"level":"error","message":"UNHANDLED REJECTION: MongooseServerSelectionError - connect ECONNREFUSED ::1:27017, connect ECONNREFUSED 127.0.0.1:27017","timestamp":"2025-11-17T06:09:59.908Z"}
{"level":"error","message":"UNHANDLED REJECTION: Error - queryTxt ETIMEOUT restaurant.k0gc3.mongodb.net","timestamp":"2025-11-17T19:57:40.255Z"}
{"level":"error","message":"UNHANDLED REJECTION: Error - queryTxt ETIMEOUT restaurant.k0gc3.mongodb.net","timestamp":"2025-11-17T19:59:02.748Z"}
{"level":"error","message":"UNHANDLED REJECTION: MongooseServerSelectionError - connect ECONNREFUSED ::1:27017, connect ECONNREFUSED 127.0.0.1:27017","timestamp":"2025-11-17T20:02:26.662Z"}
{"level":"error","message":"UNHANDLED REJECTION: MongooseServerSelectionError - connect ECONNREFUSED ::1:27017, connect ECONNREFUSED 127.0.0.1:27017","timestamp":"2025-11-17T20:04:53.264Z"}
{"level":"error","message":"UNHANDLED REJECTION: Error - queryTxt ETIMEOUT restaurant.k0gc3.mongodb.net","timestamp":"2025-11-17T20:05:25.541Z"}
{"level":"error","message":"UNHANDLED REJECTION: Error - querySrv ETIMEOUT _mongodb._tcp.restaurant.k0gc3.mongodb.net","timestamp":"2025-11-17T20:25:36.316Z"}
{"level":"error","message":"UNHANDLED REJECTION: Error - querySrv ETIMEOUT _mongodb._tcp.restaurant.k0gc3.mongodb.net","timestamp":"2025-11-17T20:26:04.750Z"}
{"level":"error","message":"UNHANDLED REJECTION: Error - querySrv ETIMEOUT _mongodb._tcp.restaurant.k0gc3.mongodb.net","timestamp":"2025-11-17T20:34:43.227Z"}
{"level":"error","message":"UNHANDLED REJECTION: Error - querySrv EREFUSED _mongodb._tcp.restaurant.k0gc3.mongodb.net","timestamp":"2025-11-17T20:35:27.868Z"}
{"level":"error","message":"UNHANDLED REJECTION: Error - querySrv ECONNREFUSED _mongodb._tcp.restaurant.k0gc3.mongodb.net","timestamp":"2025-11-17T20:38:27.038Z"}
{"level":"error","message":"UNHANDLED REJECTION: Error - querySrv ECONNREFUSED _mongodb._tcp.restaurant.k0gc3.mongodb.net","timestamp":"2025-11-17T20:39:01.439Z"}
{"level":"error","message":"UNHANDLED REJECTION: Error - querySrv ECONNREFUSED _mongodb._tcp.restaurant.k0gc3.mongodb.net","timestamp":"2025-11-17T20:39:04.138Z"}
{"level":"error","message":"UNHANDLED REJECTION: Error - querySrv ECONNREFUSED _mongodb._tcp.restaurant.k0gc3.mongodb.net","timestamp":"2025-11-17T21:30:02.939Z"}
{"level":"error","message":"UNHANDLED REJECTION: Error - querySrv ECONNREFUSED _mongodb._tcp.restaurant.k0gc3.mongodb.net","timestamp":"2025-11-17T21:30:34.972Z"}
{"level":"error","message":"UNHANDLED REJECTION: Error - querySrv ECONNREFUSED _mongodb._tcp.restaurant.k0gc3.mongodb.net","timestamp":"2025-11-17T21:30:37.229Z"}
{"level":"error","message":"UNHANDLED REJECTION: Error - queryTxt ETIMEOUT restaurant.k0gc3.mongodb.net","timestamp":"2025-11-19T01:49:29.409Z"}
{"level":"error","message":"UNHANDLED REJECTION: Error - queryTxt ETIMEOUT restaurant.k0gc3.mongodb.net","timestamp":"2025-11-19T01:50:15.190Z"}
{"level":"error","message":"UNHANDLED REJECTION: Error - queryTxt ETIMEOUT restaurant.k0gc3.mongodb.net","timestamp":"2025-11-19T01:55:28.439Z"}
{"level":"error","message":"UNHANDLED REJECTION: Error - queryTxt ETIMEOUT restaurant.k0gc3.mongodb.net","timestamp":"2025-11-19T01:56:01.584Z"}
{"level":"error","message":"UNHANDLED REJECTION: MongooseServerSelectionError - connect ECONNREFUSED ::1:27017, connect ECONNREFUSED 127.0.0.1:27017","timestamp":"2025-11-19T08:33:28.596Z"}
{"level":"error","message":"UNHANDLED REJECTION: MongooseServerSelectionError - connect ECONNREFUSED ::1:27017, connect ECONNREFUSED 127.0.0.1:27017","timestamp":"2025-11-19T08:34:06.199Z"}
{"level":"error","message":"UNHANDLED REJECTION: MongooseServerSelectionError - connect ECONNREFUSED ::1:27017, connect ECONNREFUSED 127.0.0.1:27017","timestamp":"2025-11-19T08:34:42.216Z"}
{"level":"error","message":"UNHANDLED REJECTION: MongooseServerSelectionError - connect ECONNREFUSED ::1:27017, connect ECONNREFUSED 127.0.0.1:27017","timestamp":"2025-11-19T08:39:35.699Z"}
{"level":"error","message":"UNHANDLED REJECTION: MongooseServerSelectionError - connect ECONNREFUSED ::1:27017, connect ECONNREFUSED 127.0.0.1:27017","timestamp":"2025-11-19T10:41:09.221Z"}
{"level":"error","message":"UNHANDLED REJECTION: MongooseServerSelectionError - connect ECONNREFUSED ::1:27017, connect ECONNREFUSED 127.0.0.1:27017","timestamp":"2025-11-19T10:43:15.295Z"}
{"level":"error","message":"UNHANDLED REJECTION: MongooseServerSelectionError - connect ECONNREFUSED ::1:27017, connect ECONNREFUSED 127.0.0.1:27017","timestamp":"2025-11-19T10:43:47.969Z"}
{"level":"error","message":"UNHANDLED REJECTION: Error - queryTxt ETIMEOUT restaurant.k0gc3.mongodb.net","timestamp":"2025-11-19T11:41:23.754Z"}
{"level":"error","message":"UNHANDLED REJECTION: Error - queryTxt ETIMEOUT restaurant.k0gc3.mongodb.net","timestamp":"2025-11-19T11:41:51.661Z"}
{"level":"error","message":"UNHANDLED REJECTION: Error - querySrv ETIMEOUT _mongodb._tcp.restaurant.k0gc3.mongodb.net","timestamp":"2025-11-19T11:42:27.148Z"}
{"level":"error","message":"UNHANDLED REJECTION: Error - querySrv ECONNREFUSED _mongodb._tcp.restaurant.k0gc3.mongodb.net","timestamp":"2025-11-19T11:42:30.826Z"}
{"level":"error","message":"UNHANDLED REJECTION: Error - querySrv ECONNREFUSED _mongodb._tcp.restaurant.k0gc3.mongodb.net","timestamp":"2025-11-19T11:42:32.859Z"}
{"level":"error","message":"UNHANDLED REJECTION: Error - querySrv ECONNREFUSED _mongodb._tcp.restaurant.k0gc3.mongodb.net","timestamp":"2025-11-19T11:42:46.080Z"}
{"level":"error","message":"UNHANDLED REJECTION: Error - querySrv EREFUSED _mongodb._tcp.restaurant.k0gc3.mongodb.net","timestamp":"2025-11-19T11:55:26.651Z"}
{"level":"error","message":"UNHANDLED REJECTION: Error - querySrv EREFUSED _mongodb._tcp.restaurant.k0gc3.mongodb.net","timestamp":"2025-11-19T11:55:29.406Z"}
{"level":"error","message":"UNHANDLED REJECTION: Error - querySrv ETIMEOUT _mongodb._tcp.restaurant.k0gc3.mongodb.net","timestamp":"2025-11-19T11:56:23.142Z"}
{"level":"error","message":"UNHANDLED REJECTION: Error - queryTxt ETIMEOUT restaurant.k0gc3.mongodb.net","timestamp":"2025-11-19T12:12:18.273Z"}
{"level":"error","message":"UNHANDLED REJECTION: Error - queryTxt ETIMEOUT restaurant.k0gc3.mongodb.net","timestamp":"2025-11-19T12:18:40.515Z"}
{"level":"error","message":"UNHANDLED REJECTION: Error - queryTxt ETIMEOUT restaurant.k0gc3.mongodb.net","timestamp":"2025-11-19T12:27:42.139Z"}
{"level":"error","message":"UNHANDLED REJECTION: Error - queryTxt ETIMEOUT restaurant.k0gc3.mongodb.net","timestamp":"2025-11-20T10:33:36.821Z"}
{"level":"error","message":"UNHANDLED REJECTION: Error - queryTxt ETIMEOUT restaurant.k0gc3.mongodb.net","timestamp":"2025-11-20T10:34:21.447Z"}
{"level":"error","message":"UNHANDLED REJECTION: Error - querySrv ETIMEOUT _mongodb._tcp.restaurant.k0gc3.mongodb.net","timestamp":"2025-11-20T11:46:33.570Z"}
{"level":"error","message":"UNHANDLED REJECTION: Error - querySrv ECONNREFUSED _mongodb._tcp.restaurant.k0gc3.mongodb.net","timestamp":"2025-11-20T12:04:54.655Z"}
{"level":"error","message":"UNHANDLED REJECTION: Error - querySrv ETIMEOUT _mongodb._tcp.restaurant.k0gc3.mongodb.net","timestamp":"2025-11-20T14:40:08.301Z"}
{"level":"error","message":"UNHANDLED REJECTION: Error - queryTxt ETIMEOUT restaurant.k0gc3.mongodb.net","timestamp":"2025-11-20T16:46:58.213Z"}
{"level":"error","message":"UNHANDLED REJECTION: Error - queryTxt ETIMEOUT restaurant.k0gc3.mongodb.net","timestamp":"2025-11-20T16:48:31.552Z"}
{"level":"error","message":"UNHANDLED REJECTION: Error - queryTxt ETIMEOUT restaurant.k0gc3.mongodb.net","timestamp":"2025-11-20T16:49:55.072Z"}
{"level":"error","message":"UNHANDLED REJECTION: Error - queryTxt ETIMEOUT restaurant.k0gc3.mongodb.net","timestamp":"2025-11-20T16:51:01.761Z"}
{"level":"error","message":"UNHANDLED REJECTION: Error - queryTxt ETIMEOUT restaurant.k0gc3.mongodb.net","timestamp":"2025-11-20T16:52:11.077Z"}
{"level":"error","message":"UNHANDLED REJECTION: Error - queryTxt ETIMEOUT restaurant.k0gc3.mongodb.net","timestamp":"2025-11-20T16:53:12.332Z"}
{"level":"error","message":"UNHANDLED REJECTION: Error - queryTxt ETIMEOUT restaurant.k0gc3.mongodb.net","timestamp":"2025-11-20T16:55:44.682Z"}
{"level":"error","message":"UNHANDLED REJECTION: Error - queryTxt ETIMEOUT restaurant.k0gc3.mongodb.net","timestamp":"2025-11-21T06:51:51.213Z"}
{"level":"error","message":"UNHANDLED REJECTION: Error - queryTxt ETIMEOUT restaurant.k0gc3.mongodb.net","timestamp":"2025-11-21T06:54:21.452Z"}
{"level":"error","message":"UNHANDLED REJECTION: Error - querySrv ETIMEOUT _mongodb._tcp.restaurant.k0gc3.mongodb.net","timestamp":"2025-11-21T06:54:48.101Z"}
{"level":"error","message":"UNHANDLED REJECTION: Error - queryTxt ETIMEOUT restaurant.k0gc3.mongodb.net","timestamp":"2025-11-21T06:57:32.260Z"}
{"level":"error","message":"UNHANDLED REJECTION: Error - queryTxt ETIMEOUT restaurant.k0gc3.mongodb.net","timestamp":"2025-11-24T10:22:36.080Z"}
{"level":"error","message":"UNHANDLED REJECTION: Error - queryTxt ETIMEOUT restaurant.k0gc3.mongodb.net","timestamp":"2025-11-24T10:32:08.194Z"}
{"level":"error","message":"UNHANDLED REJECTION: Error - queryTxt ETIMEOUT restaurant.k0gc3.mongodb.net","timestamp":"2025-11-24T10:33:32.465Z"}
{"level":"error","message":"UNHANDLED REJECTION: Error - queryTxt ETIMEOUT restaurant.k0gc3.mongodb.net","timestamp":"2025-11-24T10:35:34.011Z"}
{"level":"error","message":"UNHANDLED REJECTION: Error - queryTxt ETIMEOUT restaurant.k0gc3.mongodb.net","timestamp":"2025-11-24T10:36:25.661Z"}
{"level":"error","message":"UNHANDLED REJECTION: Error - queryTxt ETIMEOUT restaurant.k0gc3.mongodb.net","timestamp":"2025-11-24T10:45:07.860Z"}
{"level":"error","message":"UNHANDLED REJECTION: Error - queryTxt ETIMEOUT restaurant.k0gc3.mongodb.net","timestamp":"2025-11-24T13:43:24.686Z"}
{"level":"error","message":"UNHANDLED REJECTION: Error - queryTxt ETIMEOUT restaurant.k0gc3.mongodb.net","timestamp":"2025-11-24T13:49:08.474Z"}
{"level":"error","message":"UNHANDLED REJECTION: Error - querySrv ECONNREFUSED _mongodb._tcp.restaurant.k0gc3.mongodb.net","timestamp":"2025-12-03T17:17:35.097Z"}
{"level":"error","message":"UNHANDLED REJECTION: Error - querySrv ECONNREFUSED _mongodb._tcp.restaurant.k0gc3.mongodb.net","timestamp":"2025-12-03T17:18:30.577Z"}
{"level":"error","message":"UNHANDLED REJECTION: Error - queryTxt ETIMEOUT restaurant.k0gc3.mongodb.net","timestamp":"2025-12-03T17:19:06.600Z"}
{"level":"error","message":"UNHANDLED REJECTION: Error - queryTxt ETIMEOUT restaurant.k0gc3.mongodb.net","timestamp":"2025-12-03T17:19:54.191Z"}
{"level":"error","message":"UNHANDLED REJECTION: MongoServerError - bad auth : authentication failed","timestamp":"2025-12-04T09:34:58.195Z"}
{"level":"error","message":"UNHANDLED REJECTION: Error - queryTxt ETIMEOUT cluster0.zuwarje.mongodb.net","timestamp":"2025-12-06T19:44:48.159Z"}
{"level":"error","message":"UNHANDLED REJECTION: Error - querySrv ECONNREFUSED _mongodb._tcp.cluster0.zuwarje.mongodb.net","timestamp":"2025-12-15T06:21:54.886Z"}
{"level":"error","message":"UNHANDLED REJECTION: MongooseServerSelectionError - Could not connect to any servers in your MongoDB Atlas cluster. One common reason is that you're trying to access the database from an IP that isn't whitelisted. Make sure your current IP address is on your Atlas cluster's IP whitelist: https://www.mongodb.com/docs/atlas/security-whitelist/","timestamp":"2025-12-15T06:27:29.300Z"}
{"level":"error","message":"UNHANDLED REJECTION: MongooseServerSelectionError - Could not connect to any servers in your MongoDB Atlas cluster. One common reason is that you're trying to access the database from an IP that isn't whitelisted. Make sure your current IP address is on your Atlas cluster's IP whitelist: https://www.mongodb.com/docs/atlas/security-whitelist/","timestamp":"2025-12-15T06:40:26.908Z"}
{"level":"error","message":"UNHANDLED REJECTION: MongooseServerSelectionError - Could not connect to any servers in your MongoDB Atlas cluster. One common reason is that you're trying to access the database from an IP that isn't whitelisted. Make sure your current IP address is on your Atlas cluster's IP whitelist: https://www.mongodb.com/docs/atlas/security-whitelist/","timestamp":"2025-12-15T06:42:00.481Z"}
{"level":"error","message":"UNHANDLED REJECTION: MongooseServerSelectionError - Could not connect to any servers in your MongoDB Atlas cluster. One common reason is that you're trying to access the database from an IP that isn't whitelisted. Make sure your current IP address is on your Atlas cluster's IP whitelist: https://www.mongodb.com/docs/atlas/security-whitelist/","timestamp":"2025-12-15T06:43:56.373Z"}
{"level":"error","message":"UNHANDLED REJECTION: MongooseServerSelectionError - Could not connect to any servers in your MongoDB Atlas cluster. One common reason is that you're trying to access the database from an IP that isn't whitelisted. Make sure your current IP address is on your Atlas cluster's IP whitelist: https://www.mongodb.com/docs/atlas/security-whitelist/","timestamp":"2025-12-15T06:45:35.648Z"}
{"level":"error","message":"UNHANDLED REJECTION: MongooseServerSelectionError - Could not connect to any servers in your MongoDB Atlas cluster. One common reason is that you're trying to access the database from an IP that isn't whitelisted. Make sure your current IP address is on your Atlas cluster's IP whitelist: https://www.mongodb.com/docs/atlas/security-whitelist/","timestamp":"2025-12-15T06:51:08.924Z"}
{"level":"error","message":"UNHANDLED REJECTION: MongooseServerSelectionError - Could not connect to any servers in your MongoDB Atlas cluster. One common reason is that you're trying to access the database from an IP that isn't whitelisted. Make sure your current IP address is on your Atlas cluster's IP whitelist: https://www.mongodb.com/docs/atlas/security-whitelist/","timestamp":"2025-12-15T06:52:00.345Z"}
{"level":"error","message":"UNHANDLED REJECTION: MongooseServerSelectionError - Could not connect to any servers in your MongoDB Atlas cluster. One common reason is that you're trying to access the database from an IP that isn't whitelisted. Make sure your current IP address is on your Atlas cluster's IP whitelist: https://www.mongodb.com/docs/atlas/security-whitelist/","timestamp":"2025-12-15T06:54:02.911Z"}
{"level":"error","message":"UNHANDLED REJECTION: MongooseServerSelectionError - Could not connect to any servers in your MongoDB Atlas cluster. One common reason is that you're trying to access the database from an IP that isn't whitelisted. Make sure your current IP address is on your Atlas cluster's IP whitelist: https://www.mongodb.com/docs/atlas/security-whitelist/","timestamp":"2025-12-15T06:55:48.855Z"}
{"level":"error","message":"UNHANDLED REJECTION: MongooseServerSelectionError - Could not connect to any servers in your MongoDB Atlas cluster. One common reason is that you're trying to access the database from an IP that isn't whitelisted. Make sure your current IP address is on your Atlas cluster's IP whitelist: https://www.mongodb.com/docs/atlas/security-whitelist/","timestamp":"2025-12-15T10:30:33.111Z"}
{"level":"error","message":"UNHANDLED REJECTION: MongooseServerSelectionError - Could not connect to any servers in your MongoDB Atlas cluster. One common reason is that you're trying to access the database from an IP that isn't whitelisted. Make sure your current IP address is on your Atlas cluster's IP whitelist: https://www.mongodb.com/docs/atlas/security-whitelist/","timestamp":"2025-12-15T10:31:55.611Z"}
{"level":"error","message":"UNHANDLED REJECTION: MongooseServerSelectionError - Could not connect to any servers in your MongoDB Atlas cluster. One common reason is that you're trying to access the database from an IP that isn't whitelisted. Make sure your current IP address is on your Atlas cluster's IP whitelist: https://www.mongodb.com/docs/atlas/security-whitelist/","timestamp":"2025-12-15T10:38:28.545Z"}
{"level":"error","message":"UNHANDLED REJECTION: Error - queryTxt ETIMEOUT cluster0.zuwarje.mongodb.net","timestamp":"2025-12-18T11:10:46.644Z"}
{"level":"error","message":"UNHANDLED REJECTION: Error - queryTxt ETIMEOUT cluster0.zuwarje.mongodb.net","timestamp":"2025-12-18T11:12:14.132Z"}
{"level":"error","message":"UNHANDLED REJECTION: Error - queryTxt ETIMEOUT cluster0.zuwarje.mongodb.net","timestamp":"2025-12-18T11:14:48.294Z"}
{"level":"error","message":"UNHANDLED REJECTION: Error - queryTxt ETIMEOUT cluster0.zuwarje.mongodb.net","timestamp":"2025-12-18T11:15:23.350Z"}
{"level":"error","message":"UNHANDLED REJECTION: Error - querySrv ECONNREFUSED _mongodb._tcp.cluster0.zuwarje.mongodb.net","timestamp":"2025-12-18T12:07:25.892Z"}
{"level":"error","message":"UNHANDLED REJECTION: Error - querySrv ECONNREFUSED _mongodb._tcp.cluster0.zuwarje.mongodb.net","timestamp":"2025-12-22T06:10:30.921Z"}
{"level":"error","message":"UNHANDLED REJECTION: Error - querySrv ECONNREFUSED _mongodb._tcp.cluster0.zuwarje.mongodb.net","timestamp":"2025-12-25T11:37:55.033Z"}
{"level":"error","message":"UNHANDLED REJECTION: Error - querySrv ECONNREFUSED _mongodb._tcp.cluster0.zuwarje.mongodb.net","timestamp":"2025-12-25T11:37:58.066Z"}
{"level":"error","message":"UNHANDLED REJECTION: Error - querySrv ECONNREFUSED _mongodb._tcp.cluster0.zuwarje.mongodb.net","timestamp":"2025-12-25T11:38:14.856Z"}
{"level":"error","message":"UNHANDLED REJECTION: Error - querySrv ECONNREFUSED _mongodb._tcp.cluster0.zuwarje.mongodb.net","timestamp":"2025-12-25T11:38:26.365Z"}
{"level":"error","message":"UNHANDLED REJECTION: Error - querySrv ECONNREFUSED _mongodb._tcp.cluster0.zuwarje.mongodb.net","timestamp":"2025-12-25T11:38:28.513Z"}
{"level":"error","message":"UNHANDLED REJECTION: Error - querySrv ECONNREFUSED _mongodb._tcp.cluster0.zuwarje.mongodb.net","timestamp":"2025-12-27T08:46:50.020Z"}
{"level":"error","message":"UNHANDLED REJECTION: Error - querySrv ETIMEOUT _mongodb._tcp.cluster0.zuwarje.mongodb.net","timestamp":"2025-12-28T06:02:44.789Z"}
{"level":"error","message":"UNHANDLED REJECTION: Error - queryTxt ETIMEOUT cluster0.zuwarje.mongodb.net","timestamp":"2025-12-30T18:00:51.301Z"}
{"level":"error","message":"UNHANDLED REJECTION: Error - queryTxt ETIMEOUT cluster0.zuwarje.mongodb.net","timestamp":"2025-12-30T18:01:21.343Z"}
{"level":"error","message":"UNHANDLED REJECTION: Error - queryTxt ETIMEOUT cluster0.zuwarje.mongodb.net","timestamp":"2025-12-30T18:03:34.224Z"}
{"level":"error","message":"UNHANDLED REJECTION: Error - queryTxt ETIMEOUT cluster0.zuwarje.mongodb.net","timestamp":"2025-12-30T18:05:58.996Z"}
{"level":"error","message":"UNHANDLED REJECTION: Error - queryTxt ETIMEOUT cluster0.zuwarje.mongodb.net","timestamp":"2025-12-30T19:04:22.964Z"}
{"level":"error","message":"UNHANDLED REJECTION: Error - queryTxt ETIMEOUT cluster0.zuwarje.mongodb.net","timestamp":"2025-12-30T19:15:03.028Z"}
{"level":"error","message":"UNHANDLED REJECTION: Error - queryTxt ETIMEOUT cluster0.zuwarje.mongodb.net","timestamp":"2025-12-31T11:13:20.022Z"}
{"level":"error","message":"UNHANDLED REJECTION: Error - queryTxt ETIMEOUT cluster0.zuwarje.mongodb.net","timestamp":"2025-12-31T11:13:54.473Z"}
{"level":"error","message":"UNHANDLED REJECTION: Error - queryTxt ETIMEOUT cluster0.zuwarje.mongodb.net","timestamp":"2025-12-31T11:14:39.697Z"}
{"level":"error","message":"UNHANDLED EXCEPTION: TypeError - logger.info is not a function","timestamp":"2026-01-03T13:34:43.200Z"}
{"level":"error","message":"UNHANDLED EXCEPTION: TypeError - logger.info is not a function","timestamp":"2026-01-03T13:39:17.147Z"}
{"level":"error","message":"UNHANDLED EXCEPTION: TypeError - logger.info is not a function","timestamp":"2026-01-03T13:40:07.987Z"}
{"level":"error","message":"UNHANDLED REJECTION: Error - querySrv ECONNREFUSED _mongodb._tcp.cluster0.zuwarje.mongodb.net","timestamp":"2026-01-08T07:44:01.994Z"}
{"level":"error","message":"UNHANDLED REJECTION: MongooseServerSelectionError - Could not connect to any servers in your MongoDB Atlas cluster. One common reason is that you're trying to access the database from an IP that isn't whitelisted. Make sure your current IP address is on your Atlas cluster's IP whitelist: https://www.mongodb.com/docs/atlas/security-whitelist/","timestamp":"2026-04-10T10:01:06.465Z"}
{"level":"error","message":"UNHANDLED REJECTION: MongooseServerSelectionError - Could not connect to any servers in your MongoDB Atlas cluster. One common reason is that you're trying to access the database from an IP that isn't whitelisted. Make sure your current IP address is on your Atlas cluster's IP whitelist: https://www.mongodb.com/docs/atlas/security-whitelist/","timestamp":"2026-04-10T10:01:51.269Z"}
{"level":"error","message":"UNHANDLED REJECTION: MongooseServerSelectionError - Could not connect to any servers in your MongoDB Atlas cluster. One common reason is that you're trying to access the database from an IP that isn't whitelisted. Make sure your current IP address is on your Atlas cluster's IP whitelist: https://www.mongodb.com/docs/atlas/security-whitelist/","timestamp":"2026-04-10T10:04:08.972Z"}
{"level":"error","message":"UNHANDLED REJECTION: MongooseServerSelectionError - Could not connect to any servers in your MongoDB Atlas cluster. One common reason is that you're trying to access the database from an IP that isn't whitelisted. Make sure your current IP address is on your Atlas cluster's IP whitelist: https://www.mongodb.com/docs/atlas/security-whitelist/","timestamp":"2026-04-10T10:07:11.659Z"}
{"level":"error","message":"UNHANDLED REJECTION: MongooseServerSelectionError - Could not connect to any servers in your MongoDB Atlas cluster. One common reason is that you're trying to access the database from an IP that isn't whitelisted. Make sure your current IP address is on your Atlas cluster's IP whitelist: https://www.mongodb.com/docs/atlas/security-whitelist/","timestamp":"2026-04-10T10:09:57.502Z"}
{"level":"error","message":"UNHANDLED REJECTION: MongooseServerSelectionError - Could not connect to any servers in your MongoDB Atlas cluster. One common reason is that you're trying to access the database from an IP that isn't whitelisted. Make sure your current IP address is on your Atlas cluster's IP whitelist: https://www.mongodb.com/docs/atlas/security-whitelist/","timestamp":"2026-04-10T10:30:27.760Z"}
{"level":"error","message":"UNHANDLED REJECTION: MongooseServerSelectionError - Could not connect to any servers in your MongoDB Atlas cluster. One common reason is that you're trying to access the database from an IP that isn't whitelisted. Make sure your current IP address is on your Atlas cluster's IP whitelist: https://www.mongodb.com/docs/atlas/security-whitelist/","timestamp":"2026-04-10T10:31:23.417Z"}
{"level":"error","message":"UNHANDLED REJECTION: MongooseServerSelectionError - Could not connect to any servers in your MongoDB Atlas cluster. One common reason is that you're trying to access the database from an IP that isn't whitelisted. Make sure your current IP address is on your Atlas cluster's IP whitelist: https://www.mongodb.com/docs/atlas/security-whitelist/","timestamp":"2026-04-10T10:45:39.855Z"}
{"level":"error","message":"UNHANDLED REJECTION: MongooseServerSelectionError - Could not connect to any servers in your MongoDB Atlas cluster. One common reason is that you're trying to access the database from an IP that isn't whitelisted. Make sure your current IP address is on your Atlas cluster's IP whitelist: https://www.mongodb.com/docs/atlas/security-whitelist/","timestamp":"2026-04-10T10:46:41.063Z"}
{"level":"error","message":"UNHANDLED REJECTION: MongooseServerSelectionError - Could not connect to any servers in your MongoDB Atlas cluster. One common reason is that you're trying to access the database from an IP that isn't whitelisted. Make sure your current IP address is on your Atlas cluster's IP whitelist: https://www.mongodb.com/docs/atlas/security-whitelist/","timestamp":"2026-04-10T10:48:14.800Z"}
{"level":"error","message":"UNHANDLED REJECTION: MongooseServerSelectionError - Could not connect to any servers in your MongoDB Atlas cluster. One common reason is that you're trying to access the database from an IP that isn't whitelisted. Make sure your current IP address is on your Atlas cluster's IP whitelist: https://www.mongodb.com/docs/atlas/security-whitelist/","timestamp":"2026-04-10T18:59:13.099Z"}
{"level":"error","message":"UNHANDLED REJECTION: MongooseServerSelectionError - Could not connect to any servers in your MongoDB Atlas cluster. One common reason is that you're trying to access the database from an IP that isn't whitelisted. Make sure your current IP address is on your Atlas cluster's IP whitelist: https://www.mongodb.com/docs/atlas/security-whitelist/","timestamp":"2026-04-10T18:59:28.905Z"}
{"level":"error","message":"UNHANDLED REJECTION: MongooseServerSelectionError - Could not connect to any servers in your MongoDB Atlas cluster. One common reason is that you're trying to access the database from an IP that isn't whitelisted. Make sure your current IP address is on your Atlas cluster's IP whitelist: https://www.mongodb.com/docs/atlas/security-whitelist/","timestamp":"2026-04-10T19:04:12.466Z"}
{"level":"error","message":"UNHANDLED REJECTION: MongooseServerSelectionError - Could not connect to any servers in your MongoDB Atlas cluster. One common reason is that you're trying to access the database from an IP that isn't whitelisted. Make sure your current IP address is on your Atlas cluster's IP whitelist: https://www.mongodb.com/docs/atlas/security-whitelist/","timestamp":"2026-04-10T19:05:24.748Z"}
{"level":"error","message":"UNHANDLED REJECTION: MongooseServerSelectionError - Could not connect to any servers in your MongoDB Atlas cluster. One common reason is that you're trying to access the database from an IP that isn't whitelisted. Make sure your current IP address is on your Atlas cluster's IP whitelist: https://www.mongodb.com/docs/atlas/security-whitelist/","timestamp":"2026-04-11T11:14:59.782Z"}
{"level":"error","message":"UNHANDLED REJECTION: MongooseServerSelectionError - Could not connect to any servers in your MongoDB Atlas cluster. One common reason is that you're trying to access the database from an IP that isn't whitelisted. Make sure your current IP address is on your Atlas cluster's IP whitelist: https://www.mongodb.com/docs/atlas/security-whitelist/","timestamp":"2026-04-11T12:47:43.248Z"}
{"level":"error","message":"UNHANDLED REJECTION: Error - querySrv ECONNREFUSED _mongodb._tcp.cluster0.zuwarje.mongodb.net","timestamp":"2026-05-02T09:25:38.382Z"}
{"level":"error","message":"Bootstrap failed: logger.info is not a function","timestamp":"2026-05-24T14:59:43.690Z"}
{"level":"error","message":"Bootstrap failed: logger.info is not a function","timestamp":"2026-05-24T14:59:44.907Z"}
{"error":"connect ECONNREFUSED 127.0.0.1:27017","level":"error","message":"outbox.worker.tick.error","timestamp":"2026-06-06T14:57:50.564Z"}
{"error":"connect ECONNREFUSED 127.0.0.1:27017","level":"error","message":"outbox.worker.tick.error","timestamp":"2026-06-06T14:58:01.600Z"}
{"error":"not primary","level":"error","message":"outbox.worker.tick.error","timestamp":"2026-06-06T14:58:04.702Z"}
{"error":"not primary","level":"error","message":"outbox.worker.tick.error","timestamp":"2026-06-06T14:58:05.713Z"}
{"error":"not primary","level":"error","message":"outbox.worker.tick.error","timestamp":"2026-06-06T14:58:06.727Z"}
{"error":"not primary","level":"error","message":"outbox.worker.tick.error","timestamp":"2026-06-06T14:58:07.743Z"}
{"error":"not primary","level":"error","message":"outbox.worker.tick.error","timestamp":"2026-06-06T14:58:08.749Z"}
{"error":"not primary","level":"error","message":"outbox.worker.tick.error","timestamp":"2026-06-06T14:58:09.766Z"}
{"error":"not primary","level":"error","message":"outbox.worker.tick.error","timestamp":"2026-06-06T14:58:10.786Z"}
{"error":"not primary","level":"error","message":"outbox.worker.tick.error","timestamp":"2026-06-06T14:58:11.800Z"}
{"error":"not primary","level":"error","message":"outbox.worker.tick.error","timestamp":"2026-06-06T14:58:12.820Z"}
{"error":"not primary","level":"error","message":"outbox.worker.tick.error","timestamp":"2026-06-06T14:58:13.828Z"}
{"error":"not primary","level":"error","message":"outbox.worker.tick.error","timestamp":"2026-06-06T14:58:14.843Z"}
{"error":"not primary","level":"error","message":"outbox.worker.tick.error","timestamp":"2026-06-06T14:58:15.866Z"}
{"error":"not primary","level":"error","message":"outbox.worker.tick.error","timestamp":"2026-06-06T14:58:16.873Z"}
{"error":"not primary","level":"error","message":"outbox.worker.tick.error","timestamp":"2026-06-06T14:58:17.883Z"}
{"error":"not primary","level":"error","message":"outbox.worker.tick.error","timestamp":"2026-06-06T14:58:18.893Z"}
{"error":"not primary","level":"error","message":"outbox.worker.tick.error","timestamp":"2026-06-06T14:58:19.906Z"}
{"error":"not primary","level":"error","message":"outbox.worker.tick.error","timestamp":"2026-06-06T14:58:20.918Z"}
{"error":"not primary","level":"error","message":"outbox.worker.tick.error","timestamp":"2026-06-06T14:58:21.927Z"}
{"error":"not primary","level":"error","message":"outbox.worker.tick.error","timestamp":"2026-06-06T14:58:22.946Z"}
{"error":"not primary","level":"error","message":"outbox.worker.tick.error","timestamp":"2026-06-06T14:58:23.953Z"}
{"error":"not primary","level":"error","message":"outbox.worker.tick.error","timestamp":"2026-06-06T14:58:24.966Z"}
{"error":"not primary","level":"error","message":"outbox.worker.tick.error","timestamp":"2026-06-06T14:58:25.979Z"}
{"error":"not primary","level":"error","message":"outbox.worker.tick.error","timestamp":"2026-06-06T14:58:26.988Z"}
{"error":"not primary","level":"error","message":"outbox.worker.tick.error","timestamp":"2026-06-06T14:58:28.005Z"}
{"error":"not primary","level":"error","message":"outbox.worker.tick.error","timestamp":"2026-06-06T14:58:29.015Z"}
{"error":"not primary","level":"error","message":"outbox.worker.tick.error","timestamp":"2026-06-06T14:58:30.027Z"}
{"error":"not primary","level":"error","message":"outbox.worker.tick.error","timestamp":"2026-06-06T14:58:31.035Z"}
{"error":"not primary","level":"error","message":"outbox.worker.tick.error","timestamp":"2026-06-06T14:58:32.049Z"}
{"error":"not primary","level":"error","message":"outbox.worker.tick.error","timestamp":"2026-06-06T14:58:33.058Z"}
{"error":"not primary","level":"error","message":"outbox.worker.tick.error","timestamp":"2026-06-06T14:58:34.073Z"}
{"error":"not primary","level":"error","message":"outbox.worker.tick.error","timestamp":"2026-06-06T14:58:35.083Z"}
{"error":"not primary","level":"error","message":"outbox.worker.tick.error","timestamp":"2026-06-06T14:58:36.089Z"}
{"error":"not primary","level":"error","message":"outbox.worker.tick.error","timestamp":"2026-06-06T14:58:37.105Z"}
{"error":"not primary","level":"error","message":"outbox.worker.tick.error","timestamp":"2026-06-06T14:58:38.113Z"}
{"error":"not primary","level":"error","message":"outbox.worker.tick.error","timestamp":"2026-06-06T14:58:39.123Z"}
{"error":"not primary","level":"error","message":"outbox.worker.tick.error","timestamp":"2026-06-06T14:58:40.129Z"}
{"error":"not primary","level":"error","message":"outbox.worker.tick.error","timestamp":"2026-06-06T14:58:41.141Z"}
{"error":"not primary","level":"error","message":"outbox.worker.tick.error","timestamp":"2026-06-06T14:58:42.157Z"}
{"error":"not primary","level":"error","message":"outbox.worker.tick.error","timestamp":"2026-06-06T14:58:43.175Z"}
{"error":"not primary","level":"error","message":"outbox.worker.tick.error","timestamp":"2026-06-06T14:58:44.193Z"}
{"error":"not primary","level":"error","message":"outbox.worker.tick.error","timestamp":"2026-06-06T14:58:45.197Z"}
{"error":"not primary","level":"error","message":"outbox.worker.tick.error","timestamp":"2026-06-06T14:58:46.205Z"}
{"error":"not primary","level":"error","message":"outbox.worker.tick.error","timestamp":"2026-06-06T14:58:47.212Z"}
{"error":"not primary","level":"error","message":"outbox.worker.tick.error","timestamp":"2026-06-06T14:58:48.222Z"}
{"error":"not primary","level":"error","message":"outbox.worker.tick.error","timestamp":"2026-06-06T14:58:49.227Z"}
{"error":"not primary","level":"error","message":"outbox.worker.tick.error","timestamp":"2026-06-06T14:58:50.242Z"}
{"error":"not primary","level":"error","message":"outbox.worker.tick.error","timestamp":"2026-06-06T14:58:51.255Z"}
{"error":"not primary","level":"error","message":"outbox.worker.tick.error","timestamp":"2026-06-06T14:58:52.267Z"}
{"error":"not primary","level":"error","message":"outbox.worker.tick.error","timestamp":"2026-06-06T14:58:53.275Z"}
{"error":"not primary","level":"error","message":"outbox.worker.tick.error","timestamp":"2026-06-06T14:58:54.295Z"}
{"level":"error","message":"Bootstrap failed: Server selection timed out after 10000 ms","timestamp":"2026-06-06T15:00:11.198Z"}
{"level":"error","message":"Bootstrap failed: Server selection timed out after 10000 ms","timestamp":"2026-06-06T15:00:30.030Z"}
{"level":"error","message":"Bootstrap failed: Could not connect to any servers in your MongoDB Atlas cluster. One common reason is that you're trying to access the database from an IP that isn't whitelisted. Make sure your current IP address is on your Atlas cluster's IP whitelist: https://www.mongodb.com/docs/atlas/security-whitelist/","timestamp":"2026-06-13T15:21:34.211Z"}
{"level":"error","message":"Bootstrap failed: Could not connect to any servers in your MongoDB Atlas cluster. One common reason is that you're trying to access the database from an IP that isn't whitelisted. Make sure your current IP address is on your Atlas cluster's IP whitelist: https://www.mongodb.com/docs/atlas/security-whitelist/","timestamp":"2026-06-13T15:21:58.247Z"}
{"level":"error","message":"Bootstrap failed: Could not connect to any servers in your MongoDB Atlas cluster. One common reason is that you're trying to access the database from an IP that isn't whitelisted. Make sure your current IP address is on your Atlas cluster's IP whitelist: https://www.mongodb.com/docs/atlas/security-whitelist/","timestamp":"2026-06-13T15:36:52.325Z"}
{"level":"error","message":"Bootstrap failed: Could not connect to any servers in your MongoDB Atlas cluster. One common reason is that you're trying to access the database from an IP that isn't whitelisted. Make sure your current IP address is on your Atlas cluster's IP whitelist: https://www.mongodb.com/docs/atlas/security-whitelist/","timestamp":"2026-06-13T15:41:46.356Z"}
{"level":"error","message":"Bootstrap failed: Could not connect to any servers in your MongoDB Atlas cluster. One common reason is that you're trying to access the database from an IP that isn't whitelisted. Make sure your current IP address is on your Atlas cluster's IP whitelist: https://www.mongodb.com/docs/atlas/security-whitelist/","timestamp":"2026-06-13T15:43:22.682Z"}
{"level":"error","message":"Bootstrap failed: Could not connect to any servers in your MongoDB Atlas cluster. One common reason is that you're trying to access the database from an IP that isn't whitelisted. Make sure your current IP address is on your Atlas cluster's IP whitelist: https://www.mongodb.com/docs/atlas/security-whitelist/","timestamp":"2026-06-13T15:45:03.135Z"}
{"level":"error","message":"Bootstrap failed: Could not connect to any servers in your MongoDB Atlas cluster. One common reason is that you're trying to access the database from an IP that isn't whitelisted. Make sure your current IP address is on your Atlas cluster's IP whitelist: https://www.mongodb.com/docs/atlas/security-whitelist/","timestamp":"2026-06-13T15:46:23.311Z"}
{"level":"error","message":"Bootstrap failed: Could not connect to any servers in your MongoDB Atlas cluster. One common reason is that you're trying to access the database from an IP that isn't whitelisted. Make sure your current IP address is on your Atlas cluster's IP whitelist: https://www.mongodb.com/docs/atlas/security-whitelist/","timestamp":"2026-06-13T15:46:54.904Z"}
{"level":"error","message":"Bootstrap failed: Could not connect to any servers in your MongoDB Atlas cluster. One common reason is that you're trying to access the database from an IP that isn't whitelisted. Make sure your current IP address is on your Atlas cluster's IP whitelist: https://www.mongodb.com/docs/atlas/security-whitelist/","timestamp":"2026-06-13T15:51:51.636Z"}
{"level":"error","message":"Bootstrap failed: Could not connect to any servers in your MongoDB Atlas cluster. One common reason is that you're trying to access the database from an IP that isn't whitelisted. Make sure your current IP address is on your Atlas cluster's IP whitelist: https://www.mongodb.com/docs/atlas/security-whitelist/","timestamp":"2026-06-13T15:53:17.150Z"}
{"level":"error","message":"Bootstrap failed: Could not connect to any servers in your MongoDB Atlas cluster. One common reason is that you're trying to access the database from an IP that isn't whitelisted. Make sure your current IP address is on your Atlas cluster's IP whitelist: https://www.mongodb.com/docs/atlas/security-whitelist/","timestamp":"2026-06-13T15:53:38.260Z"}
{"level":"error","message":"Bootstrap failed: Could not connect to any servers in your MongoDB Atlas cluster. One common reason is that you're trying to access the database from an IP that isn't whitelisted. Make sure your current IP address is on your Atlas cluster's IP whitelist: https://www.mongodb.com/docs/atlas/security-whitelist/","timestamp":"2026-06-13T16:01:35.153Z"}
{"level":"error","message":"Bootstrap failed: Could not connect to any servers in your MongoDB Atlas cluster. One common reason is that you're trying to access the database from an IP that isn't whitelisted. Make sure your current IP address is on your Atlas cluster's IP whitelist: https://www.mongodb.com/docs/atlas/security-whitelist/","timestamp":"2026-06-13T16:03:45.344Z"}
{"level":"error","message":"Bootstrap failed: Could not connect to any servers in your MongoDB Atlas cluster. One common reason is that you're trying to access the database from an IP that isn't whitelisted. Make sure your current IP address is on your Atlas cluster's IP whitelist: https://www.mongodb.com/docs/atlas/security-whitelist/","timestamp":"2026-06-13T16:18:33.943Z"}
{"level":"error","message":"UNHANDLED EXCEPTION: Error - listen EADDRINUSE: address already in use :::8000","timestamp":"2026-06-27T14:36:57.775Z"}
{"error":"getaddrinfo ENOTFOUND smtp.test.com","level":"error","message":"Email send failed","stack":"Error: getaddrinfo ENOTFOUND smtp.test.com\n    at GetAddrInfoReqWrap.onlookupall [as oncomplete] (node:dns:122:26)","subject":"Order Confirmation - ORD-12345","timestamp":"2026-08-15T07:19:44.213Z","to":"customer@example.com"}
{"customerEmail":"customer@example.com","error":"getaddrinfo ENOTFOUND smtp.test.com","level":"error","message":"Failed to send order receipt email","orderNumber":"ORD-12345","timestamp":"2026-08-15T07:19:44.215Z"}
{"error":"getaddrinfo ENOTFOUND smtp.test.com","level":"error","message":"Email send failed","stack":"Error: getaddrinfo ENOTFOUND smtp.test.com\n    at GetAddrInfoReqWrap.onlookupall [as oncomplete] (node:dns:122:26)","subject":"Order Confirmation - ORD-67890","timestamp":"2026-08-15T07:19:44.255Z","to":"customer@example.com"}
{"customerEmail":"customer@example.com","error":"getaddrinfo ENOTFOUND smtp.test.com","level":"error","message":"Failed to send order receipt email","orderNumber":"ORD-67890","timestamp":"2026-08-15T07:19:44.256Z"}
{"error":"getaddrinfo ENOTFOUND smtp.test.com","level":"error","message":"Email send failed","stack":"Error: getaddrinfo ENOTFOUND smtp.test.com\n    at GetAddrInfoReqWrap.onlookupall [as oncomplete] (node:dns:122:26)","subject":"Order Confirmation - ORD-12345","timestamp":"2026-08-15T07:19:44.285Z","to":"customer@example.com"}
{"customerEmail":"customer@example.com","error":"getaddrinfo ENOTFOUND smtp.test.com","level":"error","message":"Failed to send order receipt email","orderNumber":"ORD-12345","timestamp":"2026-08-15T07:19:44.285Z"}
{"error":"getaddrinfo ENOTFOUND smtp.test.com","level":"error","message":"Email send failed","stack":"Error: getaddrinfo ENOTFOUND smtp.test.com\n    at GetAddrInfoReqWrap.onlookupall [as oncomplete] (node:dns:122:26)","subject":"Order ORD-12345 - Status Update","timestamp":"2026-08-15T07:19:44.323Z","to":"customer@example.com"}
{"customerEmail":"customer@example.com","error":"getaddrinfo ENOTFOUND smtp.test.com","level":"error","message":"Failed to send order status update email","orderNumber":"ORD-12345","timestamp":"2026-08-15T07:19:44.323Z"}
{"error":"Export job 6a80396ea41e6f14c580d2a5 not found or not in pending status","jobId":"6a80396ea41e6f14c580d2a5","level":"error","message":"export.job.error","stack":"Error: Export job 6a80396ea41e6f14c580d2a5 not found or not in pending status\n    at ExportService.processJob (C:\\Users\\HP\\Dev\\projects\\Restaurant_App\\restaurant-BO\\src\\modules\\reports\\service\\export.service.js:154:15)\n    at processTicksAndRejections (node:internal/process/task_queues:105:5)\n    at Object.<anonymous> (C:\\Users\\HP\\Dev\\projects\\Restaurant_App\\restaurant-BO\\tests\\export.service.test.js:324:9)","timestamp":"2026-08-15T10:03:26.433Z"}
{"error":"Export job 6a80396ea41e6f14c580d2ab not found or not in pending status","jobId":"6a80396ea41e6f14c580d2ab","level":"error","message":"export.job.error","stack":"Error: Export job 6a80396ea41e6f14c580d2ab not found or not in pending status\n    at ExportService.processJob (C:\\Users\\HP\\Dev\\projects\\Restaurant_App\\restaurant-BO\\src\\modules\\reports\\service\\export.service.js:154:15)\n    at processTicksAndRejections (node:internal/process/task_queues:105:5)\n    at Object.<anonymous> (C:\\Users\\HP\\Dev\\projects\\Restaurant_App\\restaurant-BO\\tests\\export.service.test.js:339:9)","timestamp":"2026-08-15T10:03:26.456Z"}
{"error":"Database connection timeout","jobId":"6a80396ea41e6f14c580d2d1","level":"error","message":"export.job.failed","reportType":"sales","stack":"Error: Database connection timeout\n    at Object.<anonymous> (C:\\Users\\HP\\Dev\\projects\\Restaurant_App\\restaurant-BO\\tests\\export.service.test.js:473:11)\n    at processTicksAndRejections (node:internal/process/task_queues:105:5)","timestamp":"2026-08-15T10:03:26.618Z"}
{"error":"Database connection timeout","jobId":"6a80396ea41e6f14c580d2d1","level":"error","message":"export.job.error","stack":"Error: Database connection timeout\n    at Object.<anonymous> (C:\\Users\\HP\\Dev\\projects\\Restaurant_App\\restaurant-BO\\tests\\export.service.test.js:473:11)\n    at processTicksAndRejections (node:internal/process/task_queues:105:5)","timestamp":"2026-08-15T10:03:26.620Z"}
{"error":"Storage quota exceeded","jobId":"6a80396ea41e6f14c580d2db","level":"error","message":"export.job.failed","reportType":"orders","stack":"Error: Storage quota exceeded\n    at Object.<anonymous> (C:\\Users\\HP\\Dev\\projects\\Restaurant_App\\restaurant-BO\\tests\\export.service.test.js:505:11)\n    at processTicksAndRejections (node:internal/process/task_queues:105:5)","timestamp":"2026-08-15T10:03:26.808Z"}
{"error":"Storage quota exceeded","jobId":"6a80396ea41e6f14c580d2db","level":"error","message":"export.job.error","stack":"Error: Storage quota exceeded\n    at Object.<anonymous> (C:\\Users\\HP\\Dev\\projects\\Restaurant_App\\restaurant-BO\\tests\\export.service.test.js:505:11)\n    at processTicksAndRejections (node:internal/process/task_queues:105:5)","timestamp":"2026-08-15T10:03:26.809Z"}
{"error":"Storage quota exceeded","jobId":"6a80396ea41e6f14c580d2e8","level":"error","message":"export.job.failed","reportType":"products","stack":"Error: Storage quota exceeded\n    at Object.<anonymous> (C:\\Users\\HP\\Dev\\projects\\Restaurant_App\\restaurant-BO\\tests\\export.service.test.js:505:11)\n    at processTicksAndRejections (node:internal/process/task_queues:105:5)","timestamp":"2026-08-15T10:03:26.951Z"}
{"error":"Storage quota exceeded","jobId":"6a80396ea41e6f14c580d2e8","level":"error","message":"export.job.error","stack":"Error: Storage quota exceeded\n    at Object.<anonymous> (C:\\Users\\HP\\Dev\\projects\\Restaurant_App\\restaurant-BO\\tests\\export.service.test.js:505:11)\n    at processTicksAndRejections (node:internal/process/task_queues:105:5)","timestamp":"2026-08-15T10:03:26.952Z"}
{"error":"Storage quota exceeded","jobId":"6a80396ea41e6f14c580d2f5","level":"error","message":"export.job.failed","reportType":"customers","stack":"Error: Storage quota exceeded\n    at Object.<anonymous> (C:\\Users\\HP\\Dev\\projects\\Restaurant_App\\restaurant-BO\\tests\\export.service.test.js:505:11)\n    at processTicksAndRejections (node:internal/process/task_queues:105:5)","timestamp":"2026-08-15T10:03:27.140Z"}
{"error":"Storage quota exceeded","jobId":"6a80396ea41e6f14c580d2f5","level":"error","message":"export.job.error","stack":"Error: Storage quota exceeded\n    at Object.<anonymous> (C:\\Users\\HP\\Dev\\projects\\Restaurant_App\\restaurant-BO\\tests\\export.service.test.js:505:11)\n    at processTicksAndRejections (node:internal/process/task_queues:105:5)","timestamp":"2026-08-15T10:03:27.141Z"}
{"error":"XLSX format is not yet implemented. Please use CSV format.","jobId":"6a80396fa41e6f14c580d302","level":"error","message":"export.job.failed","reportType":"delivery","stack":"Error: XLSX format is not yet implemented. Please use CSV format.\n    at ExportService.processSingleJob (C:\\Users\\HP\\Dev\\projects\\Restaurant_App\\restaurant-BO\\src\\modules\\reports\\service\\export.service.js:237:17)\n    at processTicksAndRejections (node:internal/process/task_queues:105:5)\n    at ExportService.processJob (C:\\Users\\HP\\Dev\\projects\\Restaurant_App\\restaurant-BO\\src\\modules\\reports\\service\\export.service.js:165:7)\n    at Object.<anonymous> (C:\\Users\\HP\\Dev\\projects\\Restaurant_App\\restaurant-BO\\tests\\export.service.test.js:577:9)","timestamp":"2026-08-15T10:03:27.280Z"}
{"error":"XLSX format is not yet implemented. Please use CSV format.","jobId":"6a80396fa41e6f14c580d302","level":"error","message":"export.job.error","stack":"Error: XLSX format is not yet implemented. Please use CSV format.\n    at ExportService.processSingleJob (C:\\Users\\HP\\Dev\\projects\\Restaurant_App\\restaurant-BO\\src\\modules\\reports\\service\\export.service.js:237:17)\n    at processTicksAndRejections (node:internal/process/task_queues:105:5)\n    at ExportService.processJob (C:\\Users\\HP\\Dev\\projects\\Restaurant_App\\restaurant-BO\\src\\modules\\reports\\service\\export.service.js:165:7)\n    at Object.<anonymous> (C:\\Users\\HP\\Dev\\projects\\Restaurant_App\\restaurant-BO\\tests\\export.service.test.js:577:9)","timestamp":"2026-08-15T10:03:27.281Z"}
{"error":"PDF format is not yet implemented. Please use CSV format.","jobId":"6a80396fa41e6f14c580d30f","level":"error","message":"export.job.failed","reportType":"profitability","stack":"Error: PDF format is not yet implemented. Please use CSV format.\n    at ExportService.processSingleJob (C:\\Users\\HP\\Dev\\projects\\Restaurant_App\\restaurant-BO\\src\\modules\\reports\\service\\export.service.js:241:17)\n    at processTicksAndRejections (node:internal/process/task_queues:105:5)\n    at ExportService.processJob (C:\\Users\\HP\\Dev\\projects\\Restaurant_App\\restaurant-BO\\src\\modules\\reports\\service\\export.service.js:165:7)\n    at Object.<anonymous> (C:\\Users\\HP\\Dev\\projects\\Restaurant_App\\restaurant-BO\\tests\\export.service.test.js:601:9)","timestamp":"2026-08-15T10:03:27.410Z"}
{"error":"PDF format is not yet implemented. Please use CSV format.","jobId":"6a80396fa41e6f14c580d30f","level":"error","message":"export.job.error","stack":"Error: PDF format is not yet implemented. Please use CSV format.\n    at ExportService.processSingleJob (C:\\Users\\HP\\Dev\\projects\\Restaurant_App\\restaurant-BO\\src\\modules\\reports\\service\\export.service.js:241:17)\n    at processTicksAndRejections (node:internal/process/task_queues:105:5)\n    at ExportService.processJob (C:\\Users\\HP\\Dev\\projects\\Restaurant_App\\restaurant-BO\\src\\modules\\reports\\service\\export.service.js:165:7)\n    at Object.<anonymous> (C:\\Users\\HP\\Dev\\projects\\Restaurant_App\\restaurant-BO\\tests\\export.service.test.js:601:9)","timestamp":"2026-08-15T10:03:27.411Z"}
{"error":"Export job 6a8039afdbd364e11e96f5ef not found or not in pending status","jobId":"6a8039afdbd364e11e96f5ef","level":"error","message":"export.job.error","stack":"Error: Export job 6a8039afdbd364e11e96f5ef not found or not in pending status\n    at ExportService.processJob (C:\\Users\\HP\\Dev\\projects\\Restaurant_App\\restaurant-BO\\src\\modules\\reports\\service\\export.service.js:154:15)\n    at processTicksAndRejections (node:internal/process/task_queues:105:5)\n    at Object.<anonymous> (C:\\Users\\HP\\Dev\\projects\\Restaurant_App\\restaurant-BO\\tests\\export.service.test.js:324:9)","timestamp":"2026-08-15T10:04:31.424Z"}
{"error":"Export job 6a8039afdbd364e11e96f5f5 not found or not in pending status","jobId":"6a8039afdbd364e11e96f5f5","level":"error","message":"export.job.error","stack":"Error: Export job 6a8039afdbd364e11e96f5f5 not found or not in pending status\n    at ExportService.processJob (C:\\Users\\HP\\Dev\\projects\\Restaurant_App\\restaurant-BO\\src\\modules\\reports\\service\\export.service.js:154:15)\n    at processTicksAndRejections (node:internal/process/task_queues:105:5)\n    at Object.<anonymous> (C:\\Users\\HP\\Dev\\projects\\Restaurant_App\\restaurant-BO\\tests\\export.service.test.js:339:9)","timestamp":"2026-08-15T10:04:31.457Z"}
{"error":"Database connection timeout","jobId":"6a8039afdbd364e11e96f61b","level":"error","message":"export.job.failed","reportType":"sales","stack":"Error: Database connection timeout\n    at Object.<anonymous> (C:\\Users\\HP\\Dev\\projects\\Restaurant_App\\restaurant-BO\\tests\\export.service.test.js:473:11)\n    at processTicksAndRejections (node:internal/process/task_queues:105:5)","timestamp":"2026-08-15T10:04:31.621Z"}
{"error":"Database connection timeout","jobId":"6a8039afdbd364e11e96f61b","level":"error","message":"export.job.error","stack":"Error: Database connection timeout\n    at Object.<anonymous> (C:\\Users\\HP\\Dev\\projects\\Restaurant_App\\restaurant-BO\\tests\\export.service.test.js:473:11)\n    at processTicksAndRejections (node:internal/process/task_queues:105:5)","timestamp":"2026-08-15T10:04:31.622Z"}
{"error":"Storage quota exceeded","jobId":"6a8039afdbd364e11e96f625","level":"error","message":"export.job.failed","reportType":"orders","stack":"Error: Storage quota exceeded\n    at Object.<anonymous> (C:\\Users\\HP\\Dev\\projects\\Restaurant_App\\restaurant-BO\\tests\\export.service.test.js:505:11)\n    at processTicksAndRejections (node:internal/process/task_queues:105:5)","timestamp":"2026-08-15T10:04:31.811Z"}
{"error":"Storage quota exceeded","jobId":"6a8039afdbd364e11e96f625","level":"error","message":"export.job.error","stack":"Error: Storage quota exceeded\n    at Object.<anonymous> (C:\\Users\\HP\\Dev\\projects\\Restaurant_App\\restaurant-BO\\tests\\export.service.test.js:505:11)\n    at processTicksAndRejections (node:internal/process/task_queues:105:5)","timestamp":"2026-08-15T10:04:31.812Z"}
{"error":"Storage quota exceeded","jobId":"6a8039afdbd364e11e96f632","level":"error","message":"export.job.failed","reportType":"products","stack":"Error: Storage quota exceeded\n    at Object.<anonymous> (C:\\Users\\HP\\Dev\\projects\\Restaurant_App\\restaurant-BO\\tests\\export.service.test.js:505:11)\n    at processTicksAndRejections (node:internal/process/task_queues:105:5)","timestamp":"2026-08-15T10:04:32.037Z"}
{"error":"Storage quota exceeded","jobId":"6a8039afdbd364e11e96f632","level":"error","message":"export.job.error","stack":"Error: Storage quota exceeded\n    at Object.<anonymous> (C:\\Users\\HP\\Dev\\projects\\Restaurant_App\\restaurant-BO\\tests\\export.service.test.js:505:11)\n    at processTicksAndRejections (node:internal/process/task_queues:105:5)","timestamp":"2026-08-15T10:04:32.038Z"}
{"error":"Storage quota exceeded","jobId":"6a8039b0dbd364e11e96f63f","level":"error","message":"export.job.failed","reportType":"customers","stack":"Error: Storage quota exceeded\n    at Object.<anonymous> (C:\\Users\\HP\\Dev\\projects\\Restaurant_App\\restaurant-BO\\tests\\export.service.test.js:505:11)\n    at processTicksAndRejections (node:internal/process/task_queues:105:5)","timestamp":"2026-08-15T10:04:32.223Z"}
{"error":"Storage quota exceeded","jobId":"6a8039b0dbd364e11e96f63f","level":"error","message":"export.job.error","stack":"Error: Storage quota exceeded\n    at Object.<anonymous> (C:\\Users\\HP\\Dev\\projects\\Restaurant_App\\restaurant-BO\\tests\\export.service.test.js:505:11)\n    at processTicksAndRejections (node:internal/process/task_queues:105:5)","timestamp":"2026-08-15T10:04:32.223Z"}
{"error":"XLSX format is not yet implemented. Please use CSV format.","jobId":"6a8039b0dbd364e11e96f64c","level":"error","message":"export.job.failed","reportType":"delivery","stack":"Error: XLSX format is not yet implemented. Please use CSV format.\n    at ExportService.processSingleJob (C:\\Users\\HP\\Dev\\projects\\Restaurant_App\\restaurant-BO\\src\\modules\\reports\\service\\export.service.js:237:17)\n    at processTicksAndRejections (node:internal/process/task_queues:105:5)\n    at ExportService.processJob (C:\\Users\\HP\\Dev\\projects\\Restaurant_App\\restaurant-BO\\src\\modules\\reports\\service\\export.service.js:165:7)\n    at Object.<anonymous> (C:\\Users\\HP\\Dev\\projects\\Restaurant_App\\restaurant-BO\\tests\\export.service.test.js:577:9)","timestamp":"2026-08-15T10:04:32.469Z"}
{"error":"XLSX format is not yet implemented. Please use CSV format.","jobId":"6a8039b0dbd364e11e96f64c","level":"error","message":"export.job.error","stack":"Error: XLSX format is not yet implemented. Please use CSV format.\n    at ExportService.processSingleJob (C:\\Users\\HP\\Dev\\projects\\Restaurant_App\\restaurant-BO\\src\\modules\\reports\\service\\export.service.js:237:17)\n    at processTicksAndRejections (node:internal/process/task_queues:105:5)\n    at ExportService.processJob (C:\\Users\\HP\\Dev\\projects\\Restaurant_App\\restaurant-BO\\src\\modules\\reports\\service\\export.service.js:165:7)\n    at Object.<anonymous> (C:\\Users\\HP\\Dev\\projects\\Restaurant_App\\restaurant-BO\\tests\\export.service.test.js:577:9)","timestamp":"2026-08-15T10:04:32.472Z"}
{"error":"PDF format is not yet implemented. Please use CSV format.","jobId":"6a8039b0dbd364e11e96f659","level":"error","message":"export.job.failed","reportType":"profitability","stack":"Error: PDF format is not yet implemented. Please use CSV format.\n    at ExportService.processSingleJob (C:\\Users\\HP\\Dev\\projects\\Restaurant_App\\restaurant-BO\\src\\modules\\reports\\service\\export.service.js:241:17)\n    at processTicksAndRejections (node:internal/process/task_queues:105:5)\n    at ExportService.processJob (C:\\Users\\HP\\Dev\\projects\\Restaurant_App\\restaurant-BO\\src\\modules\\reports\\service\\export.service.js:165:7)\n    at Object.<anonymous> (C:\\Users\\HP\\Dev\\projects\\Restaurant_App\\restaurant-BO\\tests\\export.service.test.js:601:9)","timestamp":"2026-08-15T10:04:32.694Z"}
{"error":"PDF format is not yet implemented. Please use CSV format.","jobId":"6a8039b0dbd364e11e96f659","level":"error","message":"export.job.error","stack":"Error: PDF format is not yet implemented. Please use CSV format.\n    at ExportService.processSingleJob (C:\\Users\\HP\\Dev\\projects\\Restaurant_App\\restaurant-BO\\src\\modules\\reports\\service\\export.service.js:241:17)\n    at processTicksAndRejections (node:internal/process/task_queues:105:5)\n    at ExportService.processJob (C:\\Users\\HP\\Dev\\projects\\Restaurant_App\\restaurant-BO\\src\\modules\\reports\\service\\export.service.js:165:7)\n    at Object.<anonymous> (C:\\Users\\HP\\Dev\\projects\\Restaurant_App\\restaurant-BO\\tests\\export.service.test.js:601:9)","timestamp":"2026-08-15T10:04:32.702Z"}
{"error":"Export job 6a8039d9aaac761ce0b3a9e9 not found or not in pending status","jobId":"6a8039d9aaac761ce0b3a9e9","level":"error","message":"export.job.error","stack":"Error: Export job 6a8039d9aaac761ce0b3a9e9 not found or not in pending status\n    at ExportService.processJob (C:\\Users\\HP\\Dev\\projects\\Restaurant_App\\restaurant-BO\\src\\modules\\reports\\service\\export.service.js:154:15)\n    at processTicksAndRejections (node:internal/process/task_queues:105:5)\n    at Object.<anonymous> (C:\\Users\\HP\\Dev\\projects\\Restaurant_App\\restaurant-BO\\tests\\export.service.test.js:324:9)","timestamp":"2026-08-15T10:05:13.489Z"}
{"error":"Export job 6a8039d9aaac761ce0b3a9ef not found or not in pending status","jobId":"6a8039d9aaac761ce0b3a9ef","level":"error","message":"export.job.error","stack":"Error: Export job 6a8039d9aaac761ce0b3a9ef not found or not in pending status\n    at ExportService.processJob (C:\\Users\\HP\\Dev\\projects\\Restaurant_App\\restaurant-BO\\src\\modules\\reports\\service\\export.service.js:154:15)\n    at processTicksAndRejections (node:internal/process/task_queues:105:5)\n    at Object.<anonymous> (C:\\Users\\HP\\Dev\\projects\\Restaurant_App\\restaurant-BO\\tests\\export.service.test.js:339:9)","timestamp":"2026-08-15T10:05:13.516Z"}
{"error":"Database connection timeout","jobId":"6a8039d9aaac761ce0b3aa15","level":"error","message":"export.job.failed","reportType":"sales","stack":"Error: Database connection timeout\n    at Object.<anonymous> (C:\\Users\\HP\\Dev\\projects\\Restaurant_App\\restaurant-BO\\tests\\export.service.test.js:473:11)\n    at processTicksAndRejections (node:internal/process/task_queues:105:5)","timestamp":"2026-08-15T10:05:13.738Z"}
{"error":"Database connection timeout","jobId":"6a8039d9aaac761ce0b3aa15","level":"error","message":"export.job.error","stack":"Error: Database connection timeout\n    at Object.<anonymous> (C:\\Users\\HP\\Dev\\projects\\Restaurant_App\\restaurant-BO\\tests\\export.service.test.js:473:11)\n    at processTicksAndRejections (node:internal/process/task_queues:105:5)","timestamp":"2026-08-15T10:05:13.742Z"}
{"error":"Storage quota exceeded","jobId":"6a8039d9aaac761ce0b3aa1f","level":"error","message":"export.job.failed","reportType":"orders","stack":"Error: Storage quota exceeded\n    at Object.<anonymous> (C:\\Users\\HP\\Dev\\projects\\Restaurant_App\\restaurant-BO\\tests\\export.service.test.js:505:11)\n    at processTicksAndRejections (node:internal/process/task_queues:105:5)","timestamp":"2026-08-15T10:05:14.141Z"}
{"error":"Storage quota exceeded","jobId":"6a8039d9aaac761ce0b3aa1f","level":"error","message":"export.job.error","stack":"Error: Storage quota exceeded\n    at Object.<anonymous> (C:\\Users\\HP\\Dev\\projects\\Restaurant_App\\restaurant-BO\\tests\\export.service.test.js:505:11)\n    at processTicksAndRejections (node:internal/process/task_queues:105:5)","timestamp":"2026-08-15T10:05:14.142Z"}
{"error":"Storage quota exceeded","jobId":"6a8039daaaac761ce0b3aa2c","level":"error","message":"export.job.failed","reportType":"products","stack":"Error: Storage quota exceeded\n    at Object.<anonymous> (C:\\Users\\HP\\Dev\\projects\\Restaurant_App\\restaurant-BO\\tests\\export.service.test.js:505:11)\n    at processTicksAndRejections (node:internal/process/task_queues:105:5)","timestamp":"2026-08-15T10:05:14.530Z"}
{"error":"Storage quota exceeded","jobId":"6a8039daaaac761ce0b3aa2c","level":"error","message":"export.job.error","stack":"Error: Storage quota exceeded\n    at Object.<anonymous> (C:\\Users\\HP\\Dev\\projects\\Restaurant_App\\restaurant-BO\\tests\\export.service.test.js:505:11)\n    at processTicksAndRejections (node:internal/process/task_queues:105:5)","timestamp":"2026-08-15T10:05:14.539Z"}
{"error":"Storage quota exceeded","jobId":"6a8039daaaac761ce0b3aa39","level":"error","message":"export.job.failed","reportType":"customers","stack":"Error: Storage quota exceeded\n    at Object.<anonymous> (C:\\Users\\HP\\Dev\\projects\\Restaurant_App\\restaurant-BO\\tests\\export.service.test.js:505:11)\n    at processTicksAndRejections (node:internal/process/task_queues:105:5)","timestamp":"2026-08-15T10:05:15.069Z"}
{"error":"Storage quota exceeded","jobId":"6a8039daaaac761ce0b3aa39","level":"error","message":"export.job.error","stack":"Error: Storage quota exceeded\n    at Object.<anonymous> (C:\\Users\\HP\\Dev\\projects\\Restaurant_App\\restaurant-BO\\tests\\export.service.test.js:505:11)\n    at processTicksAndRejections (node:internal/process/task_queues:105:5)","timestamp":"2026-08-15T10:05:15.083Z"}
{"error":"XLSX format is not yet implemented. Please use CSV format.","jobId":"6a8039dbaaac761ce0b3aa46","level":"error","message":"export.job.failed","reportType":"delivery","stack":"Error: XLSX format is not yet implemented. Please use CSV format.\n    at ExportService.processSingleJob (C:\\Users\\HP\\Dev\\projects\\Restaurant_App\\restaurant-BO\\src\\modules\\reports\\service\\export.service.js:237:17)\n    at processTicksAndRejections (node:internal/process/task_queues:105:5)\n    at ExportService.processJob (C:\\Users\\HP\\Dev\\projects\\Restaurant_App\\restaurant-BO\\src\\modules\\reports\\service\\export.service.js:165:7)\n    at Object.<anonymous> (C:\\Users\\HP\\Dev\\projects\\Restaurant_App\\restaurant-BO\\tests\\export.service.test.js:582:9)","timestamp":"2026-08-15T10:05:15.915Z"}
{"error":"XLSX format is not yet implemented. Please use CSV format.","jobId":"6a8039dbaaac761ce0b3aa46","level":"error","message":"export.job.error","stack":"Error: XLSX format is not yet implemented. Please use CSV format.\n    at ExportService.processSingleJob (C:\\Users\\HP\\Dev\\projects\\Restaurant_App\\restaurant-BO\\src\\modules\\reports\\service\\export.service.js:237:17)\n    at processTicksAndRejections (node:internal/process/task_queues:105:5)\n    at ExportService.processJob (C:\\Users\\HP\\Dev\\projects\\Restaurant_App\\restaurant-BO\\src\\modules\\reports\\service\\export.service.js:165:7)\n    at Object.<anonymous> (C:\\Users\\HP\\Dev\\projects\\Restaurant_App\\restaurant-BO\\tests\\export.service.test.js:582:9)","timestamp":"2026-08-15T10:05:15.916Z"}
{"error":"PDF format is not yet implemented. Please use CSV format.","jobId":"6a8039dbaaac761ce0b3aa53","level":"error","message":"export.job.failed","reportType":"profitability","stack":"Error: PDF format is not yet implemented. Please use CSV format.\n    at ExportService.processSingleJob (C:\\Users\\HP\\Dev\\projects\\Restaurant_App\\restaurant-BO\\src\\modules\\reports\\service\\export.service.js:241:17)\n    at processTicksAndRejections (node:internal/process/task_queues:105:5)\n    at ExportService.processJob (C:\\Users\\HP\\Dev\\projects\\Restaurant_App\\restaurant-BO\\src\\modules\\reports\\service\\export.service.js:165:7)\n    at Object.<anonymous> (C:\\Users\\HP\\Dev\\projects\\Restaurant_App\\restaurant-BO\\tests\\export.service.test.js:606:9)","timestamp":"2026-08-15T10:05:16.210Z"}
{"error":"PDF format is not yet implemented. Please use CSV format.","jobId":"6a8039dbaaac761ce0b3aa53","level":"error","message":"export.job.error","stack":"Error: PDF format is not yet implemented. Please use CSV format.\n    at ExportService.processSingleJob (C:\\Users\\HP\\Dev\\projects\\Restaurant_App\\restaurant-BO\\src\\modules\\reports\\service\\export.service.js:241:17)\n    at processTicksAndRejections (node:internal/process/task_queues:105:5)\n    at ExportService.processJob (C:\\Users\\HP\\Dev\\projects\\Restaurant_App\\restaurant-BO\\src\\modules\\reports\\service\\export.service.js:165:7)\n    at Object.<anonymous> (C:\\Users\\HP\\Dev\\projects\\Restaurant_App\\restaurant-BO\\tests\\export.service.test.js:606:9)","timestamp":"2026-08-15T10:05:16.211Z"}
{"error":"Export job 6a805e5841d7afd148b95d7e not found or not in pending status","jobId":"6a805e5841d7afd148b95d7e","level":"error","message":"export.job.error","stack":"Error: Export job 6a805e5841d7afd148b95d7e not found or not in pending status\n    at ExportService.processJob (C:\\Users\\HP\\Dev\\projects\\Restaurant_App\\restaurant-BO\\src\\modules\\reports\\service\\export.service.js:163:15)\n    at Object.<anonymous> (C:\\Users\\HP\\Dev\\projects\\Restaurant_App\\restaurant-BO\\tests\\export-service-processJob.test.js:68:7)","timestamp":"2026-08-15T12:40:56.614Z"}
{"error":"Export job 6a805e5841d7afd148b95d7e not found or not in pending status","jobId":"6a805e5841d7afd148b95d7e","level":"error","message":"export.job.error","stack":"Error: Export job 6a805e5841d7afd148b95d7e not found or not in pending status\n    at ExportService.processJob (C:\\Users\\HP\\Dev\\projects\\Restaurant_App\\restaurant-BO\\src\\modules\\reports\\service\\export.service.js:163:15)\n    at Object.<anonymous> (C:\\Users\\HP\\Dev\\projects\\Restaurant_App\\restaurant-BO\\tests\\export-service-processJob.test.js:69:7)","timestamp":"2026-08-15T12:40:56.616Z"}
{"error":"Export job 6a805e5841d7afd148b95d81 not found or not in pending status","jobId":"6a805e5841d7afd148b95d81","level":"error","message":"export.job.error","stack":"Error: Export job 6a805e5841d7afd148b95d81 not found or not in pending status\n    at ExportService.processJob (C:\\Users\\HP\\Dev\\projects\\Restaurant_App\\restaurant-BO\\src\\modules\\reports\\service\\export.service.js:163:15)\n    at Object.<anonymous> (C:\\Users\\HP\\Dev\\projects\\Restaurant_App\\restaurant-BO\\tests\\export-service-processJob.test.js:77:7)","timestamp":"2026-08-15T12:40:56.617Z"}
{"error":"Report generation failed","jobId":"6a805e5841d7afd148b95d99","level":"error","message":"export.job.failed","reportType":"sales","stack":"Error: Report generation failed\n    at Object.<anonymous> (C:\\Users\\HP\\Dev\\projects\\Restaurant_App\\restaurant-BO\\tests\\export-service-processJob.test.js:203:53)\n    at Promise.then.completed (C:\\Users\\HP\\Dev\\projects\\Restaurant_App\\restaurant-BO\\node_modules\\jest-circus\\build\\utils.js:298:28)\n    at new Promise (<anonymous>)\n    at callAsyncCircusFn (C:\\Users\\HP\\Dev\\projects\\Restaurant_App\\restaurant-BO\\node_modules\\jest-circus\\build\\utils.js:231:10)\n    at _callCircusTest (C:\\Users\\HP\\Dev\\projects\\Restaurant_App\\restaurant-BO\\node_modules\\jest-circus\\build\\run.js:316:40)\n    at _runTest (C:\\Users\\HP\\Dev\\projects\\Restaurant_App\\restaurant-BO\\node_modules\\jest-circus\\build\\run.js:252:3)\n    at _runTestsForDescribeBlock (C:\\Users\\HP\\Dev\\projects\\Restaurant_App\\restaurant-BO\\node_modules\\jest-circus\\build\\run.js:126:9)\n    at _runTestsForDescribeBlock (C:\\Users\\HP\\Dev\\projects\\Restaurant_App\\restaurant-BO\\node_modules\\jest-circus\\build\\run.js:121:9)\n    at _runTestsForDescribeBlock (C:\\Users\\HP\\Dev\\projects\\Restaurant_App\\restaurant-BO\\node_modules\\jest-circus\\build\\run.js:121:9)\n    at run (C:\\Users\\HP\\Dev\\projects\\Restaurant_App\\restaurant-BO\\node_modules\\jest-circus\\build\\run.js:71:3)\n    at runAndTransformResultsToJestFormat (C:\\Users\\HP\\Dev\\projects\\Restaurant_App\\restaurant-BO\\node_modules\\jest-circus\\build\\legacy-code-todo-rewrite\\jestAdapterInit.js:122:21)\n    at jestAdapter (C:\\Users\\HP\\Dev\\projects\\Restaurant_App\\restaurant-BO\\node_modules\\jest-circus\\build\\legacy-code-todo-rewrite\\jestAdapter.js:79:19)\n    at runTestInternal (C:\\Users\\HP\\Dev\\projects\\Restaurant_App\\restaurant-BO\\node_modules\\jest-runner\\build\\runTest.js:367:16)\n    at runTest (C:\\Users\\HP\\Dev\\projects\\Restaurant_App\\restaurant-BO\\node_modules\\jest-runner\\build\\runTest.js:444:34)","timestamp":"2026-08-15T12:40:56.632Z"}
{"error":"Report generation failed","jobId":"6a805e5841d7afd148b95d99","level":"error","message":"export.job.error","stack":"Error: Report generation failed\n    at Object.<anonymous> (C:\\Users\\HP\\Dev\\projects\\Restaurant_App\\restaurant-BO\\tests\\export-service-processJob.test.js:203:53)\n    at Promise.then.completed (C:\\Users\\HP\\Dev\\projects\\Restaurant_App\\restaurant-BO\\node_modules\\jest-circus\\build\\utils.js:298:28)\n    at new Promise (<anonymous>)\n    at callAsyncCircusFn (C:\\Users\\HP\\Dev\\projects\\Restaurant_App\\restaurant-BO\\node_modules\\jest-circus\\build\\utils.js:231:10)\n    at _callCircusTest (C:\\Users\\HP\\Dev\\projects\\Restaurant_App\\restaurant-BO\\node_modules\\jest-circus\\build\\run.js:316:40)\n    at _runTest (C:\\Users\\HP\\Dev\\projects\\Restaurant_App\\restaurant-BO\\node_modules\\jest-circus\\build\\run.js:252:3)\n    at _runTestsForDescribeBlock (C:\\Users\\HP\\Dev\\projects\\Restaurant_App\\restaurant-BO\\node_modules\\jest-circus\\build\\run.js:126:9)\n    at _runTestsForDescribeBlock (C:\\Users\\HP\\Dev\\projects\\Restaurant_App\\restaurant-BO\\node_modules\\jest-circus\\build\\run.js:121:9)\n    at _runTestsForDescribeBlock (C:\\Users\\HP\\Dev\\projects\\Restaurant_App\\restaurant-BO\\node_modules\\jest-circus\\build\\run.js:121:9)\n    at run (C:\\Users\\HP\\Dev\\projects\\Restaurant_App\\restaurant-BO\\node_modules\\jest-circus\\build\\run.js:71:3)\n    at runAndTransformResultsToJestFormat (C:\\Users\\HP\\Dev\\projects\\Restaurant_App\\restaurant-BO\\node_modules\\jest-circus\\build\\legacy-code-todo-rewrite\\jestAdapterInit.js:122:21)\n    at jestAdapter (C:\\Users\\HP\\Dev\\projects\\Restaurant_App\\restaurant-BO\\node_modules\\jest-circus\\build\\legacy-code-todo-rewrite\\jestAdapter.js:79:19)\n    at runTestInternal (C:\\Users\\HP\\Dev\\projects\\Restaurant_App\\restaurant-BO\\node_modules\\jest-runner\\build\\runTest.js:367:16)\n    at runTest (C:\\Users\\HP\\Dev\\projects\\Restaurant_App\\restaurant-BO\\node_modules\\jest-runner\\build\\runTest.js:444:34)","timestamp":"2026-08-15T12:40:56.633Z"}
{"error":"File save failed","jobId":"6a805e5841d7afd148b95d9c","level":"error","message":"export.job.failed","reportType":"sales","stack":"Error: File save failed\n    at Object.<anonymous> (C:\\Users\\HP\\Dev\\projects\\Restaurant_App\\restaurant-BO\\tests\\export-service-processJob.test.js:227:62)\n    at Promise.then.completed (C:\\Users\\HP\\Dev\\projects\\Restaurant_App\\restaurant-BO\\node_modules\\jest-circus\\build\\utils.js:298:28)\n    at new Promise (<anonymous>)\n    at callAsyncCircusFn (C:\\Users\\HP\\Dev\\projects\\Restaurant_App\\restaurant-BO\\node_modules\\jest-circus\\build\\utils.js:231:10)\n    at _callCircusTest (C:\\Users\\HP\\Dev\\projects\\Restaurant_App\\restaurant-BO\\node_modules\\jest-circus\\build\\run.js:316:40)\n    at _runTest (C:\\Users\\HP\\Dev\\projects\\Restaurant_App\\restaurant-BO\\node_modules\\jest-circus\\build\\run.js:252:3)\n    at _runTestsForDescribeBlock (C:\\Users\\HP\\Dev\\projects\\Restaurant_App\\restaurant-BO\\node_modules\\jest-circus\\build\\run.js:126:9)\n    at _runTestsForDescribeBlock (C:\\Users\\HP\\Dev\\projects\\Restaurant_App\\restaurant-BO\\node_modules\\jest-circus\\build\\run.js:121:9)\n    at _runTestsForDescribeBlock (C:\\Users\\HP\\Dev\\projects\\Restaurant_App\\restaurant-BO\\node_modules\\jest-circus\\build\\run.js:121:9)\n    at run (C:\\Users\\HP\\Dev\\projects\\Restaurant_App\\restaurant-BO\\node_modules\\jest-circus\\build\\run.js:71:3)\n    at runAndTransformResultsToJestFormat (C:\\Users\\HP\\Dev\\projects\\Restaurant_App\\restaurant-BO\\node_modules\\jest-circus\\build\\legacy-code-todo-rewrite\\jestAdapterInit.js:122:21)\n    at jestAdapter (C:\\Users\\HP\\Dev\\projects\\Restaurant_App\\restaurant-BO\\node_modules\\jest-circus\\build\\legacy-code-todo-rewrite\\jestAdapter.js:79:19)\n    at runTestInternal (C:\\Users\\HP\\Dev\\projects\\Restaurant_App\\restaurant-BO\\node_modules\\jest-runner\\build\\runTest.js:367:16)\n    at runTest (C:\\Users\\HP\\Dev\\projects\\Restaurant_App\\restaurant-BO\\node_modules\\jest-runner\\build\\runTest.js:444:34)","timestamp":"2026-08-15T12:40:56.636Z"}
{"error":"File save failed","jobId":"6a805e5841d7afd148b95d9c","level":"error","message":"export.job.error","stack":"Error: File save failed\n    at Object.<anonymous> (C:\\Users\\HP\\Dev\\projects\\Restaurant_App\\restaurant-BO\\tests\\export-service-processJob.test.js:227:62)\n    at Promise.then.completed (C:\\Users\\HP\\Dev\\projects\\Restaurant_App\\restaurant-BO\\node_modules\\jest-circus\\build\\utils.js:298:28)\n    at new Promise (<anonymous>)\n    at callAsyncCircusFn (C:\\Users\\HP\\Dev\\projects\\Restaurant_App\\restaurant-BO\\node_modules\\jest-circus\\build\\utils.js:231:10)\n    at _callCircusTest (C:\\Users\\HP\\Dev\\projects\\Restaurant_App\\restaurant-BO\\node_modules\\jest-circus\\build\\run.js:316:40)\n    at _runTest (C:\\Users\\HP\\Dev\\projects\\Restaurant_App\\restaurant-BO\\node_modules\\jest-circus\\build\\run.js:252:3)\n    at _runTestsForDescribeBlock (C:\\Users\\HP\\Dev\\projects\\Restaurant_App\\restaurant-BO\\node_modules\\jest-circus\\build\\run.js:126:9)\n    at _runTestsForDescribeBlock (C:\\Users\\HP\\Dev\\projects\\Restaurant_App\\restaurant-BO\\node_modules\\jest-circus\\build\\run.js:121:9)\n    at _runTestsForDescribeBlock (C:\\Users\\HP\\Dev\\projects\\Restaurant_App\\restaurant-BO\\node_modules\\jest-circus\\build\\run.js:121:9)\n    at run (C:\\Users\\HP\\Dev\\projects\\Restaurant_App\\restaurant-BO\\node_modules\\jest-circus\\build\\run.js:71:3)\n    at runAndTransformResultsToJestFormat (C:\\Users\\HP\\Dev\\projects\\Restaurant_App\\restaurant-BO\\node_modules\\jest-circus\\build\\legacy-code-todo-rewrite\\jestAdapterInit.js:122:21)\n    at jestAdapter (C:\\Users\\HP\\Dev\\projects\\Restaurant_App\\restaurant-BO\\node_modules\\jest-circus\\build\\legacy-code-todo-rewrite\\jestAdapter.js:79:19)\n    at runTestInternal (C:\\Users\\HP\\Dev\\projects\\Restaurant_App\\restaurant-BO\\node_modules\\jest-runner\\build\\runTest.js:367:16)\n    at runTest (C:\\Users\\HP\\Dev\\projects\\Restaurant_App\\restaurant-BO\\node_modules\\jest-runner\\build\\runTest.js:444:34)","timestamp":"2026-08-15T12:40:56.636Z"}
{"error":"XLSX format is not yet implemented. Please use CSV format.","jobId":"6a805e5841d7afd148b95d9f","level":"error","message":"export.job.failed","reportType":"sales","stack":"Error: XLSX format is not yet implemented. Please use CSV format.\n    at ExportService.processSingleJob (C:\\Users\\HP\\Dev\\projects\\Restaurant_App\\restaurant-BO\\src\\modules\\reports\\service\\export.service.js:246:17)\n    at ExportService.processJob (C:\\Users\\HP\\Dev\\projects\\Restaurant_App\\restaurant-BO\\src\\modules\\reports\\service\\export.service.js:174:7)\n    at Object.<anonymous> (C:\\Users\\HP\\Dev\\projects\\Restaurant_App\\restaurant-BO\\tests\\export-service-processJob.test.js:253:7)","timestamp":"2026-08-15T12:40:56.642Z"}
{"error":"XLSX format is not yet implemented. Please use CSV format.","jobId":"6a805e5841d7afd148b95d9f","level":"error","message":"export.job.error","stack":"Error: XLSX format is not yet implemented. Please use CSV format.\n    at ExportService.processSingleJob (C:\\Users\\HP\\Dev\\projects\\Restaurant_App\\restaurant-BO\\src\\modules\\reports\\service\\export.service.js:246:17)\n    at ExportService.processJob (C:\\Users\\HP\\Dev\\projects\\Restaurant_App\\restaurant-BO\\src\\modules\\reports\\service\\export.service.js:174:7)\n    at Object.<anonymous> (C:\\Users\\HP\\Dev\\projects\\Restaurant_App\\restaurant-BO\\tests\\export-service-processJob.test.js:253:7)","timestamp":"2026-08-15T12:40:56.642Z"}
{"error":"PDF format is not yet implemented. Please use CSV format.","jobId":"6a805e5841d7afd148b95da2","level":"error","message":"export.job.failed","reportType":"sales","stack":"Error: PDF format is not yet implemented. Please use CSV format.\n    at ExportService.processSingleJob (C:\\Users\\HP\\Dev\\projects\\Restaurant_App\\restaurant-BO\\src\\modules\\reports\\service\\export.service.js:250:17)\n    at ExportService.processJob (C:\\Users\\HP\\Dev\\projects\\Restaurant_App\\restaurant-BO\\src\\modules\\reports\\service\\export.service.js:174:7)\n    at Object.<anonymous> (C:\\Users\\HP\\Dev\\projects\\Restaurant_App\\restaurant-BO\\tests\\export-service-processJob.test.js:267:7)","timestamp":"2026-08-15T12:40:56.645Z"}
{"error":"PDF format is not yet implemented. Please use CSV format.","jobId":"6a805e5841d7afd148b95da2","level":"error","message":"export.job.error","stack":"Error: PDF format is not yet implemented. Please use CSV format.\n    at ExportService.processSingleJob (C:\\Users\\HP\\Dev\\projects\\Restaurant_App\\restaurant-BO\\src\\modules\\reports\\service\\export.service.js:250:17)\n    at ExportService.processJob (C:\\Users\\HP\\Dev\\projects\\Restaurant_App\\restaurant-BO\\src\\modules\\reports\\service\\export.service.js:174:7)\n    at Object.<anonymous> (C:\\Users\\HP\\Dev\\projects\\Restaurant_App\\restaurant-BO\\tests\\export-service-processJob.test.js:267:7)","timestamp":"2026-08-15T12:40:56.645Z"}
{"error":"Unsupported report type: invalid_type","jobId":"6a805e5841d7afd148b95da9","level":"error","message":"export.job.failed","reportType":"invalid_type","stack":"Error: Unsupported report type: invalid_type\n    at ExportService.processSingleJob (C:\\Users\\HP\\Dev\\projects\\Restaurant_App\\restaurant-BO\\src\\modules\\reports\\service\\export.service.js:217:15)\n    at ExportService.processJob (C:\\Users\\HP\\Dev\\projects\\Restaurant_App\\restaurant-BO\\src\\modules\\reports\\service\\export.service.js:174:7)\n    at Object.<anonymous> (C:\\Users\\HP\\Dev\\projects\\Restaurant_App\\restaurant-BO\\tests\\export-service-processJob.test.js:304:7)","timestamp":"2026-08-15T12:40:56.648Z"}
{"error":"Unsupported report type: invalid_type","jobId":"6a805e5841d7afd148b95da9","level":"error","message":"export.job.error","stack":"Error: Unsupported report type: invalid_type\n    at ExportService.processSingleJob (C:\\Users\\HP\\Dev\\projects\\Restaurant_App\\restaurant-BO\\src\\modules\\reports\\service\\export.service.js:217:15)\n    at ExportService.processJob (C:\\Users\\HP\\Dev\\projects\\Restaurant_App\\restaurant-BO\\src\\modules\\reports\\service\\export.service.js:174:7)\n    at Object.<anonymous> (C:\\Users\\HP\\Dev\\projects\\Restaurant_App\\restaurant-BO\\tests\\export-service-processJob.test.js:304:7)","timestamp":"2026-08-15T12:40:56.649Z"}
{"error":"Export job 6a806788d2833dec6cec62f1 not found or not in pending status","jobId":"6a806788d2833dec6cec62f1","level":"error","message":"export.job.error","stack":"Error: Export job 6a806788d2833dec6cec62f1 not found or not in pending status\n    at ExportService.processJob (C:\\Users\\HP\\Dev\\projects\\Restaurant_App\\restaurant-BO\\src\\modules\\reports\\service\\export.service.js:163:15)\n    at Object.<anonymous> (C:\\Users\\HP\\Dev\\projects\\Restaurant_App\\restaurant-BO\\tests\\export-service-processJob.test.js:68:7)","timestamp":"2026-08-15T13:20:08.494Z"}
{"error":"Export job 6a806788d2833dec6cec62f1 not found or not in pending status","jobId":"6a806788d2833dec6cec62f1","level":"error","message":"export.job.error","stack":"Error: Export job 6a806788d2833dec6cec62f1 not found or not in pending status\n    at ExportService.processJob (C:\\Users\\HP\\Dev\\projects\\Restaurant_App\\restaurant-BO\\src\\modules\\reports\\service\\export.service.js:163:15)\n    at Object.<anonymous> (C:\\Users\\HP\\Dev\\projects\\Restaurant_App\\restaurant-BO\\tests\\export-service-processJob.test.js:69:7)","timestamp":"2026-08-15T13:20:08.496Z"}
{"error":"Export job 6a806788d2833dec6cec62f4 not found or not in pending status","jobId":"6a806788d2833dec6cec62f4","level":"error","message":"export.job.error","stack":"Error: Export job 6a806788d2833dec6cec62f4 not found or not in pending status\n    at ExportService.processJob (C:\\Users\\HP\\Dev\\projects\\Restaurant_App\\restaurant-BO\\src\\modules\\reports\\service\\export.service.js:163:15)\n    at Object.<anonymous> (C:\\Users\\HP\\Dev\\projects\\Restaurant_App\\restaurant-BO\\tests\\export-service-processJob.test.js:77:7)","timestamp":"2026-08-15T13:20:08.496Z"}
{"error":"Report generation failed","jobId":"6a806788d2833dec6cec630c","level":"error","message":"export.job.failed","reportType":"sales","stack":"Error: Report generation failed\n    at Object.<anonymous> (C:\\Users\\HP\\Dev\\projects\\Restaurant_App\\restaurant-BO\\tests\\export-service-processJob.test.js:203:53)\n    at Promise.then.completed (C:\\Users\\HP\\Dev\\projects\\Restaurant_App\\restaurant-BO\\node_modules\\jest-circus\\build\\utils.js:298:28)\n    at new Promise (<anonymous>)\n    at callAsyncCircusFn (C:\\Users\\HP\\Dev\\projects\\Restaurant_App\\restaurant-BO\\node_modules\\jest-circus\\build\\utils.js:231:10)\n    at _callCircusTest (C:\\Users\\HP\\Dev\\projects\\Restaurant_App\\restaurant-BO\\node_modules\\jest-circus\\build\\run.js:316:40)\n    at _runTest (C:\\Users\\HP\\Dev\\projects\\Restaurant_App\\restaurant-BO\\node_modules\\jest-circus\\build\\run.js:252:3)\n    at _runTestsForDescribeBlock (C:\\Users\\HP\\Dev\\projects\\Restaurant_App\\restaurant-BO\\node_modules\\jest-circus\\build\\run.js:126:9)\n    at _runTestsForDescribeBlock (C:\\Users\\HP\\Dev\\projects\\Restaurant_App\\restaurant-BO\\node_modules\\jest-circus\\build\\run.js:121:9)\n    at _runTestsForDescribeBlock (C:\\Users\\HP\\Dev\\projects\\Restaurant_App\\restaurant-BO\\node_modules\\jest-circus\\build\\run.js:121:9)\n    at run (C:\\Users\\HP\\Dev\\projects\\Restaurant_App\\restaurant-BO\\node_modules\\jest-circus\\build\\run.js:71:3)\n    at runAndTransformResultsToJestFormat (C:\\Users\\HP\\Dev\\projects\\Restaurant_App\\restaurant-BO\\node_modules\\jest-circus\\build\\legacy-code-todo-rewrite\\jestAdapterInit.js:122:21)\n    at jestAdapter (C:\\Users\\HP\\Dev\\projects\\Restaurant_App\\restaurant-BO\\node_modules\\jest-circus\\build\\legacy-code-todo-rewrite\\jestAdapter.js:79:19)\n    at runTestInternal (C:\\Users\\HP\\Dev\\projects\\Restaurant_App\\restaurant-BO\\node_modules\\jest-runner\\build\\runTest.js:367:16)\n    at runTest (C:\\Users\\HP\\Dev\\projects\\Restaurant_App\\restaurant-BO\\node_modules\\jest-runner\\build\\runTest.js:444:34)","timestamp":"2026-08-15T13:20:08.503Z"}
{"error":"Report generation failed","jobId":"6a806788d2833dec6cec630c","level":"error","message":"export.job.error","stack":"Error: Report generation failed\n    at Object.<anonymous> (C:\\Users\\HP\\Dev\\projects\\Restaurant_App\\restaurant-BO\\tests\\export-service-processJob.test.js:203:53)\n    at Promise.then.completed (C:\\Users\\HP\\Dev\\projects\\Restaurant_App\\restaurant-BO\\node_modules\\jest-circus\\build\\utils.js:298:28)\n    at new Promise (<anonymous>)\n    at callAsyncCircusFn (C:\\Users\\HP\\Dev\\projects\\Restaurant_App\\restaurant-BO\\node_modules\\jest-circus\\build\\utils.js:231:10)\n    at _callCircusTest (C:\\Users\\HP\\Dev\\projects\\Restaurant_App\\restaurant-BO\\node_modules\\jest-circus\\build\\run.js:316:40)\n    at _runTest (C:\\Users\\HP\\Dev\\projects\\Restaurant_App\\restaurant-BO\\node_modules\\jest-circus\\build\\run.js:252:3)\n    at _runTestsForDescribeBlock (C:\\Users\\HP\\Dev\\projects\\Restaurant_App\\restaurant-BO\\node_modules\\jest-circus\\build\\run.js:126:9)\n    at _runTestsForDescribeBlock (C:\\Users\\HP\\Dev\\projects\\Restaurant_App\\restaurant-BO\\node_modules\\jest-circus\\build\\run.js:121:9)\n    at _runTestsForDescribeBlock (C:\\Users\\HP\\Dev\\projects\\Restaurant_App\\restaurant-BO\\node_modules\\jest-circus\\build\\run.js:121:9)\n    at run (C:\\Users\\HP\\Dev\\projects\\Restaurant_App\\restaurant-BO\\node_modules\\jest-circus\\build\\run.js:71:3)\n    at runAndTransformResultsToJestFormat (C:\\Users\\HP\\Dev\\projects\\Restaurant_App\\restaurant-BO\\node_modules\\jest-circus\\build\\legacy-code-todo-rewrite\\jestAdapterInit.js:122:21)\n    at jestAdapter (C:\\Users\\HP\\Dev\\projects\\Restaurant_App\\restaurant-BO\\node_modules\\jest-circus\\build\\legacy-code-todo-rewrite\\jestAdapter.js:79:19)\n    at runTestInternal (C:\\Users\\HP\\Dev\\projects\\Restaurant_App\\restaurant-BO\\node_modules\\jest-runner\\build\\runTest.js:367:16)\n    at runTest (C:\\Users\\HP\\Dev\\projects\\Restaurant_App\\restaurant-BO\\node_modules\\jest-runner\\build\\runTest.js:444:34)","timestamp":"2026-08-15T13:20:08.504Z"}
{"error":"File save failed","jobId":"6a806788d2833dec6cec630f","level":"error","message":"export.job.failed","reportType":"sales","stack":"Error: File save failed\n    at Object.<anonymous> (C:\\Users\\HP\\Dev\\projects\\Restaurant_App\\restaurant-BO\\tests\\export-service-processJob.test.js:227:62)\n    at Promise.then.completed (C:\\Users\\HP\\Dev\\projects\\Restaurant_App\\restaurant-BO\\node_modules\\jest-circus\\build\\utils.js:298:28)\n    at new Promise (<anonymous>)\n    at callAsyncCircusFn (C:\\Users\\HP\\Dev\\projects\\Restaurant_App\\restaurant-BO\\node_modules\\jest-circus\\build\\utils.js:231:10)\n    at _callCircusTest (C:\\Users\\HP\\Dev\\projects\\Restaurant_App\\restaurant-BO\\node_modules\\jest-circus\\build\\run.js:316:40)\n    at _runTest (C:\\Users\\HP\\Dev\\projects\\Restaurant_App\\restaurant-BO\\node_modules\\jest-circus\\build\\run.js:252:3)\n    at _runTestsForDescribeBlock (C:\\Users\\HP\\Dev\\projects\\Restaurant_App\\restaurant-BO\\node_modules\\jest-circus\\build\\run.js:126:9)\n    at _runTestsForDescribeBlock (C:\\Users\\HP\\Dev\\projects\\Restaurant_App\\restaurant-BO\\node_modules\\jest-circus\\build\\run.js:121:9)\n    at _runTestsForDescribeBlock (C:\\Users\\HP\\Dev\\projects\\Restaurant_App\\restaurant-BO\\node_modules\\jest-circus\\build\\run.js:121:9)\n    at run (C:\\Users\\HP\\Dev\\projects\\Restaurant_App\\restaurant-BO\\node_modules\\jest-circus\\build\\run.js:71:3)\n    at runAndTransformResultsToJestFormat (C:\\Users\\HP\\Dev\\projects\\Restaurant_App\\restaurant-BO\\node_modules\\jest-circus\\build\\legacy-code-todo-rewrite\\jestAdapterInit.js:122:21)\n    at jestAdapter (C:\\Users\\HP\\Dev\\projects\\Restaurant_App\\restaurant-BO\\node_modules\\jest-circus\\build\\legacy-code-todo-rewrite\\jestAdapter.js:79:19)\n    at runTestInternal (C:\\Users\\HP\\Dev\\projects\\Restaurant_App\\restaurant-BO\\node_modules\\jest-runner\\build\\runTest.js:367:16)\n    at runTest (C:\\Users\\HP\\Dev\\projects\\Restaurant_App\\restaurant-BO\\node_modules\\jest-runner\\build\\runTest.js:444:34)","timestamp":"2026-08-15T13:20:08.505Z"}
{"error":"File save failed","jobId":"6a806788d2833dec6cec630f","level":"error","message":"export.job.error","stack":"Error: File save failed\n    at Object.<anonymous> (C:\\Users\\HP\\Dev\\projects\\Restaurant_App\\restaurant-BO\\tests\\export-service-processJob.test.js:227:62)\n    at Promise.then.completed (C:\\Users\\HP\\Dev\\projects\\Restaurant_App\\restaurant-BO\\node_modules\\jest-circus\\build\\utils.js:298:28)\n    at new Promise (<anonymous>)\n    at callAsyncCircusFn (C:\\Users\\HP\\Dev\\projects\\Restaurant_App\\restaurant-BO\\node_modules\\jest-circus\\build\\utils.js:231:10)\n    at _callCircusTest (C:\\Users\\HP\\Dev\\projects\\Restaurant_App\\restaurant-BO\\node_modules\\jest-circus\\build\\run.js:316:40)\n    at _runTest (C:\\Users\\HP\\Dev\\projects\\Restaurant_App\\restaurant-BO\\node_modules\\jest-circus\\build\\run.js:252:3)\n    at _runTestsForDescribeBlock (C:\\Users\\HP\\Dev\\projects\\Restaurant_App\\restaurant-BO\\node_modules\\jest-circus\\build\\run.js:126:9)\n    at _runTestsForDescribeBlock (C:\\Users\\HP\\Dev\\projects\\Restaurant_App\\restaurant-BO\\node_modules\\jest-circus\\build\\run.js:121:9)\n    at _runTestsForDescribeBlock (C:\\Users\\HP\\Dev\\projects\\Restaurant_App\\restaurant-BO\\node_modules\\jest-circus\\build\\run.js:121:9)\n    at run (C:\\Users\\HP\\Dev\\projects\\Restaurant_App\\restaurant-BO\\node_modules\\jest-circus\\build\\run.js:71:3)\n    at runAndTransformResultsToJestFormat (C:\\Users\\HP\\Dev\\projects\\Restaurant_App\\restaurant-BO\\node_modules\\jest-circus\\build\\legacy-code-todo-rewrite\\jestAdapterInit.js:122:21)\n    at jestAdapter (C:\\Users\\HP\\Dev\\projects\\Restaurant_App\\restaurant-BO\\node_modules\\jest-circus\\build\\legacy-code-todo-rewrite\\jestAdapter.js:79:19)\n    at runTestInternal (C:\\Users\\HP\\Dev\\projects\\Restaurant_App\\restaurant-BO\\node_modules\\jest-runner\\build\\runTest.js:367:16)\n    at runTest (C:\\Users\\HP\\Dev\\projects\\Restaurant_App\\restaurant-BO\\node_modules\\jest-runner\\build\\runTest.js:444:34)","timestamp":"2026-08-15T13:20:08.505Z"}
{"error":"XLSX format is not yet implemented. Please use CSV format.","jobId":"6a806788d2833dec6cec6312","level":"error","message":"export.job.failed","reportType":"sales","stack":"Error: XLSX format is not yet implemented. Please use CSV format.\n    at ExportService.processSingleJob (C:\\Users\\HP\\Dev\\projects\\Restaurant_App\\restaurant-BO\\src\\modules\\reports\\service\\export.service.js:246:17)\n    at ExportService.processJob (C:\\Users\\HP\\Dev\\projects\\Restaurant_App\\restaurant-BO\\src\\modules\\reports\\service\\export.service.js:174:7)\n    at Object.<anonymous> (C:\\Users\\HP\\Dev\\projects\\Restaurant_App\\restaurant-BO\\tests\\export-service-processJob.test.js:253:7)","timestamp":"2026-08-15T13:20:08.506Z"}
{"error":"XLSX format is not yet implemented. Please use CSV format.","jobId":"6a806788d2833dec6cec6312","level":"error","message":"export.job.error","stack":"Error: XLSX format is not yet implemented. Please use CSV format.\n    at ExportService.processSingleJob (C:\\Users\\HP\\Dev\\projects\\Restaurant_App\\restaurant-BO\\src\\modules\\reports\\service\\export.service.js:246:17)\n    at ExportService.processJob (C:\\Users\\HP\\Dev\\projects\\Restaurant_App\\restaurant-BO\\src\\modules\\reports\\service\\export.service.js:174:7)\n    at Object.<anonymous> (C:\\Users\\HP\\Dev\\projects\\Restaurant_App\\restaurant-BO\\tests\\export-service-processJob.test.js:253:7)","timestamp":"2026-08-15T13:20:08.506Z"}
{"error":"PDF format is not yet implemented. Please use CSV format.","jobId":"6a806788d2833dec6cec6315","level":"error","message":"export.job.failed","reportType":"sales","stack":"Error: PDF format is not yet implemented. Please use CSV format.\n    at ExportService.processSingleJob (C:\\Users\\HP\\Dev\\projects\\Restaurant_App\\restaurant-BO\\src\\modules\\reports\\service\\export.service.js:250:17)\n    at ExportService.processJob (C:\\Users\\HP\\Dev\\projects\\Restaurant_App\\restaurant-BO\\src\\modules\\reports\\service\\export.service.js:174:7)\n    at Object.<anonymous> (C:\\Users\\HP\\Dev\\projects\\Restaurant_App\\restaurant-BO\\tests\\export-service-processJob.test.js:267:7)","timestamp":"2026-08-15T13:20:08.507Z"}
{"error":"PDF format is not yet implemented. Please use CSV format.","jobId":"6a806788d2833dec6cec6315","level":"error","message":"export.job.error","stack":"Error: PDF format is not yet implemented. Please use CSV format.\n    at ExportService.processSingleJob (C:\\Users\\HP\\Dev\\projects\\Restaurant_App\\restaurant-BO\\src\\modules\\reports\\service\\export.service.js:250:17)\n    at ExportService.processJob (C:\\Users\\HP\\Dev\\projects\\Restaurant_App\\restaurant-BO\\src\\modules\\reports\\service\\export.service.js:174:7)\n    at Object.<anonymous> (C:\\Users\\HP\\Dev\\projects\\Restaurant_App\\restaurant-BO\\tests\\export-service-processJob.test.js:267:7)","timestamp":"2026-08-15T13:20:08.507Z"}
{"error":"Unsupported report type: invalid_type","jobId":"6a806788d2833dec6cec631c","level":"error","message":"export.job.failed","reportType":"invalid_type","stack":"Error: Unsupported report type: invalid_type\n    at ExportService.processSingleJob (C:\\Users\\HP\\Dev\\projects\\Restaurant_App\\restaurant-BO\\src\\modules\\reports\\service\\export.service.js:217:15)\n    at ExportService.processJob (C:\\Users\\HP\\Dev\\projects\\Restaurant_App\\restaurant-BO\\src\\modules\\reports\\service\\export.service.js:174:7)\n    at Object.<anonymous> (C:\\Users\\HP\\Dev\\projects\\Restaurant_App\\restaurant-BO\\tests\\export-service-processJob.test.js:304:7)","timestamp":"2026-08-15T13:20:08.508Z"}
{"error":"Unsupported report type: invalid_type","jobId":"6a806788d2833dec6cec631c","level":"error","message":"export.job.error","stack":"Error: Unsupported report type: invalid_type\n    at ExportService.processSingleJob (C:\\Users\\HP\\Dev\\projects\\Restaurant_App\\restaurant-BO\\src\\modules\\reports\\service\\export.service.js:217:15)\n    at ExportService.processJob (C:\\Users\\HP\\Dev\\projects\\Restaurant_App\\restaurant-BO\\src\\modules\\reports\\service\\export.service.js:174:7)\n    at Object.<anonymous> (C:\\Users\\HP\\Dev\\projects\\Restaurant_App\\restaurant-BO\\tests\\export-service-processJob.test.js:304:7)","timestamp":"2026-08-15T13:20:08.508Z"}
{"error":"Export job 6a806847d670dc301c47e2c4 not found or not in pending status","jobId":"6a806847d670dc301c47e2c4","level":"error","message":"export.job.error","stack":"Error: Export job 6a806847d670dc301c47e2c4 not found or not in pending status\n    at ExportService.processJob (C:\\Users\\HP\\Dev\\projects\\Restaurant_App\\restaurant-BO\\src\\modules\\reports\\service\\export.service.js:163:15)\n    at Object.<anonymous> (C:\\Users\\HP\\Dev\\projects\\Restaurant_App\\restaurant-BO\\tests\\export-service-processJob.test.js:68:7)","timestamp":"2026-08-15T13:23:19.555Z"}
{"error":"Export job 6a806847d670dc301c47e2c4 not found or not in pending status","jobId":"6a806847d670dc301c47e2c4","level":"error","message":"export.job.error","stack":"Error: Export job 6a806847d670dc301c47e2c4 not found or not in pending status\n    at ExportService.processJob (C:\\Users\\HP\\Dev\\projects\\Restaurant_App\\restaurant-BO\\src\\modules\\reports\\service\\export.service.js:163:15)\n    at Object.<anonymous> (C:\\Users\\HP\\Dev\\projects\\Restaurant_App\\restaurant-BO\\tests\\export-service-processJob.test.js:69:7)","timestamp":"2026-08-15T13:23:19.557Z"}
{"error":"Export job 6a806847d670dc301c47e2c7 not found or not in pending status","jobId":"6a806847d670dc301c47e2c7","level":"error","message":"export.job.error","stack":"Error: Export job 6a806847d670dc301c47e2c7 not found or not in pending status\n    at ExportService.processJob (C:\\Users\\HP\\Dev\\projects\\Restaurant_App\\restaurant-BO\\src\\modules\\reports\\service\\export.service.js:163:15)\n    at Object.<anonymous> (C:\\Users\\HP\\Dev\\projects\\Restaurant_App\\restaurant-BO\\tests\\export-service-processJob.test.js:77:7)","timestamp":"2026-08-15T13:23:19.558Z"}
{"error":"Report generation failed","jobId":"6a806847d670dc301c47e2df","level":"error","message":"export.job.failed","reportType":"sales","stack":"Error: Report generation failed\n    at Object.<anonymous> (C:\\Users\\HP\\Dev\\projects\\Restaurant_App\\restaurant-BO\\tests\\export-service-processJob.test.js:203:53)\n    at Promise.then.completed (C:\\Users\\HP\\Dev\\projects\\Restaurant_App\\restaurant-BO\\node_modules\\jest-circus\\build\\utils.js:298:28)\n    at new Promise (<anonymous>)\n    at callAsyncCircusFn (C:\\Users\\HP\\Dev\\projects\\Restaurant_App\\restaurant-BO\\node_modules\\jest-circus\\build\\utils.js:231:10)\n    at _callCircusTest (C:\\Users\\HP\\Dev\\projects\\Restaurant_App\\restaurant-BO\\node_modules\\jest-circus\\build\\run.js:316:40)\n    at _runTest (C:\\Users\\HP\\Dev\\projects\\Restaurant_App\\restaurant-BO\\node_modules\\jest-circus\\build\\run.js:252:3)\n    at _runTestsForDescribeBlock (C:\\Users\\HP\\Dev\\projects\\Restaurant_App\\restaurant-BO\\node_modules\\jest-circus\\build\\run.js:126:9)\n    at _runTestsForDescribeBlock (C:\\Users\\HP\\Dev\\projects\\Restaurant_App\\restaurant-BO\\node_modules\\jest-circus\\build\\run.js:121:9)\n    at _runTestsForDescribeBlock (C:\\Users\\HP\\Dev\\projects\\Restaurant_App\\restaurant-BO\\node_modules\\jest-circus\\build\\run.js:121:9)\n    at run (C:\\Users\\HP\\Dev\\projects\\Restaurant_App\\restaurant-BO\\node_modules\\jest-circus\\build\\run.js:71:3)\n    at runAndTransformResultsToJestFormat (C:\\Users\\HP\\Dev\\projects\\Restaurant_App\\restaurant-BO\\node_modules\\jest-circus\\build\\legacy-code-todo-rewrite\\jestAdapterInit.js:122:21)\n    at jestAdapter (C:\\Users\\HP\\Dev\\projects\\Restaurant_App\\restaurant-BO\\node_modules\\jest-circus\\build\\legacy-code-todo-rewrite\\jestAdapter.js:79:19)\n    at runTestInternal (C:\\Users\\HP\\Dev\\projects\\Restaurant_App\\restaurant-BO\\node_modules\\jest-runner\\build\\runTest.js:367:16)\n    at runTest (C:\\Users\\HP\\Dev\\projects\\Restaurant_App\\restaurant-BO\\node_modules\\jest-runner\\build\\runTest.js:444:34)","timestamp":"2026-08-15T13:23:19.568Z"}
{"error":"Report generation failed","jobId":"6a806847d670dc301c47e2df","level":"error","message":"export.job.error","stack":"Error: Report generation failed\n    at Object.<anonymous> (C:\\Users\\HP\\Dev\\projects\\Restaurant_App\\restaurant-BO\\tests\\export-service-processJob.test.js:203:53)\n    at Promise.then.completed (C:\\Users\\HP\\Dev\\projects\\Restaurant_App\\restaurant-BO\\node_modules\\jest-circus\\build\\utils.js:298:28)\n    at new Promise (<anonymous>)\n    at callAsyncCircusFn (C:\\Users\\HP\\Dev\\projects\\Restaurant_App\\restaurant-BO\\node_modules\\jest-circus\\build\\utils.js:231:10)\n    at _callCircusTest (C:\\Users\\HP\\Dev\\projects\\Restaurant_App\\restaurant-BO\\node_modules\\jest-circus\\build\\run.js:316:40)\n    at _runTest (C:\\Users\\HP\\Dev\\projects\\Restaurant_App\\restaurant-BO\\node_modules\\jest-circus\\build\\run.js:252:3)\n    at _runTestsForDescribeBlock (C:\\Users\\HP\\Dev\\projects\\Restaurant_App\\restaurant-BO\\node_modules\\jest-circus\\build\\run.js:126:9)\n    at _runTestsForDescribeBlock (C:\\Users\\HP\\Dev\\projects\\Restaurant_App\\restaurant-BO\\node_modules\\jest-circus\\build\\run.js:121:9)\n    at _runTestsForDescribeBlock (C:\\Users\\HP\\Dev\\projects\\Restaurant_App\\restaurant-BO\\node_modules\\jest-circus\\build\\run.js:121:9)\n    at run (C:\\Users\\HP\\Dev\\projects\\Restaurant_App\\restaurant-BO\\node_modules\\jest-circus\\build\\run.js:71:3)\n    at runAndTransformResultsToJestFormat (C:\\Users\\HP\\Dev\\projects\\Restaurant_App\\restaurant-BO\\node_modules\\jest-circus\\build\\legacy-code-todo-rewrite\\jestAdapterInit.js:122:21)\n    at jestAdapter (C:\\Users\\HP\\Dev\\projects\\Restaurant_App\\restaurant-BO\\node_modules\\jest-circus\\build\\legacy-code-todo-rewrite\\jestAdapter.js:79:19)\n    at runTestInternal (C:\\Users\\HP\\Dev\\projects\\Restaurant_App\\restaurant-BO\\node_modules\\jest-runner\\build\\runTest.js:367:16)\n    at runTest (C:\\Users\\HP\\Dev\\projects\\Restaurant_App\\restaurant-BO\\node_modules\\jest-runner\\build\\runTest.js:444:34)","timestamp":"2026-08-15T13:23:19.568Z"}
{"error":"File save failed","jobId":"6a806847d670dc301c47e2e2","level":"error","message":"export.job.failed","reportType":"sales","stack":"Error: File save failed\n    at Object.<anonymous> (C:\\Users\\HP\\Dev\\projects\\Restaurant_App\\restaurant-BO\\tests\\export-service-processJob.test.js:227:62)\n    at Promise.then.completed (C:\\Users\\HP\\Dev\\projects\\Restaurant_App\\restaurant-BO\\node_modules\\jest-circus\\build\\utils.js:298:28)\n    at new Promise (<anonymous>)\n    at callAsyncCircusFn (C:\\Users\\HP\\Dev\\projects\\Restaurant_App\\restaurant-BO\\node_modules\\jest-circus\\build\\utils.js:231:10)\n    at _callCircusTest (C:\\Users\\HP\\Dev\\projects\\Restaurant_App\\restaurant-BO\\node_modules\\jest-circus\\build\\run.js:316:40)\n    at _runTest (C:\\Users\\HP\\Dev\\projects\\Restaurant_App\\restaurant-BO\\node_modules\\jest-circus\\build\\run.js:252:3)\n    at _runTestsForDescribeBlock (C:\\Users\\HP\\Dev\\projects\\Restaurant_App\\restaurant-BO\\node_modules\\jest-circus\\build\\run.js:126:9)\n    at _runTestsForDescribeBlock (C:\\Users\\HP\\Dev\\projects\\Restaurant_App\\restaurant-BO\\node_modules\\jest-circus\\build\\run.js:121:9)\n    at _runTestsForDescribeBlock (C:\\Users\\HP\\Dev\\projects\\Restaurant_App\\restaurant-BO\\node_modules\\jest-circus\\build\\run.js:121:9)\n    at run (C:\\Users\\HP\\Dev\\projects\\Restaurant_App\\restaurant-BO\\node_modules\\jest-circus\\build\\run.js:71:3)\n    at runAndTransformResultsToJestFormat (C:\\Users\\HP\\Dev\\projects\\Restaurant_App\\restaurant-BO\\node_modules\\jest-circus\\build\\legacy-code-todo-rewrite\\jestAdapterInit.js:122:21)\n    at jestAdapter (C:\\Users\\HP\\Dev\\projects\\Restaurant_App\\restaurant-BO\\node_modules\\jest-circus\\build\\legacy-code-todo-rewrite\\jestAdapter.js:79:19)\n    at runTestInternal (C:\\Users\\HP\\Dev\\projects\\Restaurant_App\\restaurant-BO\\node_modules\\jest-runner\\build\\runTest.js:367:16)\n    at runTest (C:\\Users\\HP\\Dev\\projects\\Restaurant_App\\restaurant-BO\\node_modules\\jest-runner\\build\\runTest.js:444:34)","timestamp":"2026-08-15T13:23:19.570Z"}
{"error":"File save failed","jobId":"6a806847d670dc301c47e2e2","level":"error","message":"export.job.error","stack":"Error: File save failed\n    at Object.<anonymous> (C:\\Users\\HP\\Dev\\projects\\Restaurant_App\\restaurant-BO\\tests\\export-service-processJob.test.js:227:62)\n    at Promise.then.completed (C:\\Users\\HP\\Dev\\projects\\Restaurant_App\\restaurant-BO\\node_modules\\jest-circus\\build\\utils.js:298:28)\n    at new Promise (<anonymous>)\n    at callAsyncCircusFn (C:\\Users\\HP\\Dev\\projects\\Restaurant_App\\restaurant-BO\\node_modules\\jest-circus\\build\\utils.js:231:10)\n    at _callCircusTest (C:\\Users\\HP\\Dev\\projects\\Restaurant_App\\restaurant-BO\\node_modules\\jest-circus\\build\\run.js:316:40)\n    at _runTest (C:\\Users\\HP\\Dev\\projects\\Restaurant_App\\restaurant-BO\\node_modules\\jest-circus\\build\\run.js:252:3)\n    at _runTestsForDescribeBlock (C:\\Users\\HP\\Dev\\projects\\Restaurant_App\\restaurant-BO\\node_modules\\jest-circus\\build\\run.js:126:9)\n    at _runTestsForDescribeBlock (C:\\Users\\HP\\Dev\\projects\\Restaurant_App\\restaurant-BO\\node_modules\\jest-circus\\build\\run.js:121:9)\n    at _runTestsForDescribeBlock (C:\\Users\\HP\\Dev\\projects\\Restaurant_App\\restaurant-BO\\node_modules\\jest-circus\\build\\run.js:121:9)\n    at run (C:\\Users\\HP\\Dev\\projects\\Restaurant_App\\restaurant-BO\\node_modules\\jest-circus\\build\\run.js:71:3)\n    at runAndTransformResultsToJestFormat (C:\\Users\\HP\\Dev\\projects\\Restaurant_App\\restaurant-BO\\node_modules\\jest-circus\\build\\legacy-code-todo-rewrite\\jestAdapterInit.js:122:21)\n    at jestAdapter (C:\\Users\\HP\\Dev\\projects\\Restaurant_App\\restaurant-BO\\node_modules\\jest-circus\\build\\legacy-code-todo-rewrite\\jestAdapter.js:79:19)\n    at runTestInternal (C:\\Users\\HP\\Dev\\projects\\Restaurant_App\\restaurant-BO\\node_modules\\jest-runner\\build\\runTest.js:367:16)\n    at runTest (C:\\Users\\HP\\Dev\\projects\\Restaurant_App\\restaurant-BO\\node_modules\\jest-runner\\build\\runTest.js:444:34)","timestamp":"2026-08-15T13:23:19.571Z"}
{"error":"XLSX format is not yet implemented. Please use CSV format.","jobId":"6a806847d670dc301c47e2e5","level":"error","message":"export.job.failed","reportType":"sales","stack":"Error: XLSX format is not yet implemented. Please use CSV format.\n    at ExportService.processSingleJob (C:\\Users\\HP\\Dev\\projects\\Restaurant_App\\restaurant-BO\\src\\modules\\reports\\service\\export.service.js:246:17)\n    at ExportService.processJob (C:\\Users\\HP\\Dev\\projects\\Restaurant_App\\restaurant-BO\\src\\modules\\reports\\service\\export.service.js:174:7)\n    at Object.<anonymous> (C:\\Users\\HP\\Dev\\projects\\Restaurant_App\\restaurant-BO\\tests\\export-service-processJob.test.js:253:7)","timestamp":"2026-08-15T13:23:19.571Z"}
{"error":"XLSX format is not yet implemented. Please use CSV format.","jobId":"6a806847d670dc301c47e2e5","level":"error","message":"export.job.error","stack":"Error: XLSX format is not yet implemented. Please use CSV format.\n    at ExportService.processSingleJob (C:\\Users\\HP\\Dev\\projects\\Restaurant_App\\restaurant-BO\\src\\modules\\reports\\service\\export.service.js:246:17)\n    at ExportService.processJob (C:\\Users\\HP\\Dev\\projects\\Restaurant_App\\restaurant-BO\\src\\modules\\reports\\service\\export.service.js:174:7)\n    at Object.<anonymous> (C:\\Users\\HP\\Dev\\projects\\Restaurant_App\\restaurant-BO\\tests\\export-service-processJob.test.js:253:7)","timestamp":"2026-08-15T13:23:19.572Z"}
{"error":"PDF format is not yet implemented. Please use CSV format.","jobId":"6a806847d670dc301c47e2e8","level":"error","message":"export.job.failed","reportType":"sales","stack":"Error: PDF format is not yet implemented. Please use CSV format.\n    at ExportService.processSingleJob (C:\\Users\\HP\\Dev\\projects\\Restaurant_App\\restaurant-BO\\src\\modules\\reports\\service\\export.service.js:250:17)\n    at ExportService.processJob (C:\\Users\\HP\\Dev\\projects\\Restaurant_App\\restaurant-BO\\src\\modules\\reports\\service\\export.service.js:174:7)\n    at Object.<anonymous> (C:\\Users\\HP\\Dev\\projects\\Restaurant_App\\restaurant-BO\\tests\\export-service-processJob.test.js:267:7)","timestamp":"2026-08-15T13:23:19.572Z"}
{"error":"PDF format is not yet implemented. Please use CSV format.","jobId":"6a806847d670dc301c47e2e8","level":"error","message":"export.job.error","stack":"Error: PDF format is not yet implemented. Please use CSV format.\n    at ExportService.processSingleJob (C:\\Users\\HP\\Dev\\projects\\Restaurant_App\\restaurant-BO\\src\\modules\\reports\\service\\export.service.js:250:17)\n    at ExportService.processJob (C:\\Users\\HP\\Dev\\projects\\Restaurant_App\\restaurant-BO\\src\\modules\\reports\\service\\export.service.js:174:7)\n    at Object.<anonymous> (C:\\Users\\HP\\Dev\\projects\\Restaurant_App\\restaurant-BO\\tests\\export-service-processJob.test.js:267:7)","timestamp":"2026-08-15T13:23:19.572Z"}
{"error":"Unsupported report type: invalid_type","jobId":"6a806847d670dc301c47e2ef","level":"error","message":"export.job.failed","reportType":"invalid_type","stack":"Error: Unsupported report type: invalid_type\n    at ExportService.processSingleJob (C:\\Users\\HP\\Dev\\projects\\Restaurant_App\\restaurant-BO\\src\\modules\\reports\\service\\export.service.js:217:15)\n    at ExportService.processJob (C:\\Users\\HP\\Dev\\projects\\Restaurant_App\\restaurant-BO\\src\\modules\\reports\\service\\export.service.js:174:7)\n    at Object.<anonymous> (C:\\Users\\HP\\Dev\\projects\\Restaurant_App\\restaurant-BO\\tests\\export-service-processJob.test.js:304:7)","timestamp":"2026-08-15T13:23:19.574Z"}
{"error":"Unsupported report type: invalid_type","jobId":"6a806847d670dc301c47e2ef","level":"error","message":"export.job.error","stack":"Error: Unsupported report type: invalid_type\n    at ExportService.processSingleJob (C:\\Users\\HP\\Dev\\projects\\Restaurant_App\\restaurant-BO\\src\\modules\\reports\\service\\export.service.js:217:15)\n    at ExportService.processJob (C:\\Users\\HP\\Dev\\projects\\Restaurant_App\\restaurant-BO\\src\\modules\\reports\\service\\export.service.js:174:7)\n    at Object.<anonymous> (C:\\Users\\HP\\Dev\\projects\\Restaurant_App\\restaurant-BO\\tests\\export-service-processJob.test.js:304:7)","timestamp":"2026-08-15T13:23:19.574Z"}
{"error":"Export job 6a8069208068a0d959c1fb21 not found or not in pending status","jobId":"6a8069208068a0d959c1fb21","level":"error","message":"export.job.error","stack":"Error: Export job 6a8069208068a0d959c1fb21 not found or not in pending status\n    at ExportService.processJob (C:\\Users\\HP\\Dev\\projects\\Restaurant_App\\restaurant-BO\\src\\modules\\reports\\service\\export.service.js:163:15)\n    at Object.<anonymous> (C:\\Users\\HP\\Dev\\projects\\Restaurant_App\\restaurant-BO\\tests\\export-service-processJob.test.js:68:7)","timestamp":"2026-08-15T13:26:56.269Z"}
{"error":"Export job 6a8069208068a0d959c1fb21 not found or not in pending status","jobId":"6a8069208068a0d959c1fb21","level":"error","message":"export.job.error","stack":"Error: Export job 6a8069208068a0d959c1fb21 not found or not in pending status\n    at ExportService.processJob (C:\\Users\\HP\\Dev\\projects\\Restaurant_App\\restaurant-BO\\src\\modules\\reports\\service\\export.service.js:163:15)\n    at Object.<anonymous> (C:\\Users\\HP\\Dev\\projects\\Restaurant_App\\restaurant-BO\\tests\\export-service-processJob.test.js:69:7)","timestamp":"2026-08-15T13:26:56.270Z"}
{"error":"Export job 6a8069208068a0d959c1fb24 not found or not in pending status","jobId":"6a8069208068a0d959c1fb24","level":"error","message":"export.job.error","stack":"Error: Export job 6a8069208068a0d959c1fb24 not found or not in pending status\n    at ExportService.processJob (C:\\Users\\HP\\Dev\\projects\\Restaurant_App\\restaurant-BO\\src\\modules\\reports\\service\\export.service.js:163:15)\n    at Object.<anonymous> (C:\\Users\\HP\\Dev\\projects\\Restaurant_App\\restaurant-BO\\tests\\export-service-processJob.test.js:77:7)","timestamp":"2026-08-15T13:26:56.271Z"}
{"error":"Report generation failed","jobId":"6a8069208068a0d959c1fb3c","level":"error","message":"export.job.failed","reportType":"sales","stack":"Error: Report generation failed\n    at Object.<anonymous> (C:\\Users\\HP\\Dev\\projects\\Restaurant_App\\restaurant-BO\\tests\\export-service-processJob.test.js:203:53)\n    at Promise.then.completed (C:\\Users\\HP\\Dev\\projects\\Restaurant_App\\restaurant-BO\\node_modules\\jest-circus\\build\\utils.js:298:28)\n    at new Promise (<anonymous>)\n    at callAsyncCircusFn (C:\\Users\\HP\\Dev\\projects\\Restaurant_App\\restaurant-BO\\node_modules\\jest-circus\\build\\utils.js:231:10)\n    at _callCircusTest (C:\\Users\\HP\\Dev\\projects\\Restaurant_App\\restaurant-BO\\node_modules\\jest-circus\\build\\run.js:316:40)\n    at _runTest (C:\\Users\\HP\\Dev\\projects\\Restaurant_App\\restaurant-BO\\node_modules\\jest-circus\\build\\run.js:252:3)\n    at _runTestsForDescribeBlock (C:\\Users\\HP\\Dev\\projects\\Restaurant_App\\restaurant-BO\\node_modules\\jest-circus\\build\\run.js:126:9)\n    at _runTestsForDescribeBlock (C:\\Users\\HP\\Dev\\projects\\Restaurant_App\\restaurant-BO\\node_modules\\jest-circus\\build\\run.js:121:9)\n    at _runTestsForDescribeBlock (C:\\Users\\HP\\Dev\\projects\\Restaurant_App\\restaurant-BO\\node_modules\\jest-circus\\build\\run.js:121:9)\n    at run (C:\\Users\\HP\\Dev\\projects\\Restaurant_App\\restaurant-BO\\node_modules\\jest-circus\\build\\run.js:71:3)\n    at runAndTransformResultsToJestFormat (C:\\Users\\HP\\Dev\\projects\\Restaurant_App\\restaurant-BO\\node_modules\\jest-circus\\build\\legacy-code-todo-rewrite\\jestAdapterInit.js:122:21)\n    at jestAdapter (C:\\Users\\HP\\Dev\\projects\\Restaurant_App\\restaurant-BO\\node_modules\\jest-circus\\build\\legacy-code-todo-rewrite\\jestAdapter.js:79:19)\n    at runTestInternal (C:\\Users\\HP\\Dev\\projects\\Restaurant_App\\restaurant-BO\\node_modules\\jest-runner\\build\\runTest.js:367:16)\n    at runTest (C:\\Users\\HP\\Dev\\projects\\Restaurant_App\\restaurant-BO\\node_modules\\jest-runner\\build\\runTest.js:444:34)","timestamp":"2026-08-15T13:26:56.278Z"}
{"error":"Report generation failed","jobId":"6a8069208068a0d959c1fb3c","level":"error","message":"export.job.error","stack":"Error: Report generation failed\n    at Object.<anonymous> (C:\\Users\\HP\\Dev\\projects\\Restaurant_App\\restaurant-BO\\tests\\export-service-processJob.test.js:203:53)\n    at Promise.then.completed (C:\\Users\\HP\\Dev\\projects\\Restaurant_App\\restaurant-BO\\node_modules\\jest-circus\\build\\utils.js:298:28)\n    at new Promise (<anonymous>)\n    at callAsyncCircusFn (C:\\Users\\HP\\Dev\\projects\\Restaurant_App\\restaurant-BO\\node_modules\\jest-circus\\build\\utils.js:231:10)\n    at _callCircusTest (C:\\Users\\HP\\Dev\\projects\\Restaurant_App\\restaurant-BO\\node_modules\\jest-circus\\build\\run.js:316:40)\n    at _runTest (C:\\Users\\HP\\Dev\\projects\\Restaurant_App\\restaurant-BO\\node_modules\\jest-circus\\build\\run.js:252:3)\n    at _runTestsForDescribeBlock (C:\\Users\\HP\\Dev\\projects\\Restaurant_App\\restaurant-BO\\node_modules\\jest-circus\\build\\run.js:126:9)\n    at _runTestsForDescribeBlock (C:\\Users\\HP\\Dev\\projects\\Restaurant_App\\restaurant-BO\\node_modules\\jest-circus\\build\\run.js:121:9)\n    at _runTestsForDescribeBlock (C:\\Users\\HP\\Dev\\projects\\Restaurant_App\\restaurant-BO\\node_modules\\jest-circus\\build\\run.js:121:9)\n    at run (C:\\Users\\HP\\Dev\\projects\\Restaurant_App\\restaurant-BO\\node_modules\\jest-circus\\build\\run.js:71:3)\n    at runAndTransformResultsToJestFormat (C:\\Users\\HP\\Dev\\projects\\Restaurant_App\\restaurant-BO\\node_modules\\jest-circus\\build\\legacy-code-todo-rewrite\\jestAdapterInit.js:122:21)\n    at jestAdapter (C:\\Users\\HP\\Dev\\projects\\Restaurant_App\\restaurant-BO\\node_modules\\jest-circus\\build\\legacy-code-todo-rewrite\\jestAdapter.js:79:19)\n    at runTestInternal (C:\\Users\\HP\\Dev\\projects\\Restaurant_App\\restaurant-BO\\node_modules\\jest-runner\\build\\runTest.js:367:16)\n    at runTest (C:\\Users\\HP\\Dev\\projects\\Restaurant_App\\restaurant-BO\\node_modules\\jest-runner\\build\\runTest.js:444:34)","timestamp":"2026-08-15T13:26:56.278Z"}
{"error":"File save failed","jobId":"6a8069208068a0d959c1fb3f","level":"error","message":"export.job.failed","reportType":"sales","stack":"Error: File save failed\n    at Object.<anonymous> (C:\\Users\\HP\\Dev\\projects\\Restaurant_App\\restaurant-BO\\tests\\export-service-processJob.test.js:227:62)\n    at Promise.then.completed (C:\\Users\\HP\\Dev\\projects\\Restaurant_App\\restaurant-BO\\node_modules\\jest-circus\\build\\utils.js:298:28)\n    at new Promise (<anonymous>)\n    at callAsyncCircusFn (C:\\Users\\HP\\Dev\\projects\\Restaurant_App\\restaurant-BO\\node_modules\\jest-circus\\build\\utils.js:231:10)\n    at _callCircusTest (C:\\Users\\HP\\Dev\\projects\\Restaurant_App\\restaurant-BO\\node_modules\\jest-circus\\build\\run.js:316:40)\n    at _runTest (C:\\Users\\HP\\Dev\\projects\\Restaurant_App\\restaurant-BO\\node_modules\\jest-circus\\build\\run.js:252:3)\n    at _runTestsForDescribeBlock (C:\\Users\\HP\\Dev\\projects\\Restaurant_App\\restaurant-BO\\node_modules\\jest-circus\\build\\run.js:126:9)\n    at _runTestsForDescribeBlock (C:\\Users\\HP\\Dev\\projects\\Restaurant_App\\restaurant-BO\\node_modules\\jest-circus\\build\\run.js:121:9)\n    at _runTestsForDescribeBlock (C:\\Users\\HP\\Dev\\projects\\Restaurant_App\\restaurant-BO\\node_modules\\jest-circus\\build\\run.js:121:9)\n    at run (C:\\Users\\HP\\Dev\\projects\\Restaurant_App\\restaurant-BO\\node_modules\\jest-circus\\build\\run.js:71:3)\n    at runAndTransformResultsToJestFormat (C:\\Users\\HP\\Dev\\projects\\Restaurant_App\\restaurant-BO\\node_modules\\jest-circus\\build\\legacy-code-todo-rewrite\\jestAdapterInit.js:122:21)\n    at jestAdapter (C:\\Users\\HP\\Dev\\projects\\Restaurant_App\\restaurant-BO\\node_modules\\jest-circus\\build\\legacy-code-todo-rewrite\\jestAdapter.js:79:19)\n    at runTestInternal (C:\\Users\\HP\\Dev\\projects\\Restaurant_App\\restaurant-BO\\node_modules\\jest-runner\\build\\runTest.js:367:16)\n    at runTest (C:\\Users\\HP\\Dev\\projects\\Restaurant_App\\restaurant-BO\\node_modules\\jest-runner\\build\\runTest.js:444:34)","timestamp":"2026-08-15T13:26:56.280Z"}
{"error":"File save failed","jobId":"6a8069208068a0d959c1fb3f","level":"error","message":"export.job.error","stack":"Error: File save failed\n    at Object.<anonymous> (C:\\Users\\HP\\Dev\\projects\\Restaurant_App\\restaurant-BO\\tests\\export-service-processJob.test.js:227:62)\n    at Promise.then.completed (C:\\Users\\HP\\Dev\\projects\\Restaurant_App\\restaurant-BO\\node_modules\\jest-circus\\build\\utils.js:298:28)\n    at new Promise (<anonymous>)\n    at callAsyncCircusFn (C:\\Users\\HP\\Dev\\projects\\Restaurant_App\\restaurant-BO\\node_modules\\jest-circus\\build\\utils.js:231:10)\n    at _callCircusTest (C:\\Users\\HP\\Dev\\projects\\Restaurant_App\\restaurant-BO\\node_modules\\jest-circus\\build\\run.js:316:40)\n    at _runTest (C:\\Users\\HP\\Dev\\projects\\Restaurant_App\\restaurant-BO\\node_modules\\jest-circus\\build\\run.js:252:3)\n    at _runTestsForDescribeBlock (C:\\Users\\HP\\Dev\\projects\\Restaurant_App\\restaurant-BO\\node_modules\\jest-circus\\build\\run.js:126:9)\n    at _runTestsForDescribeBlock (C:\\Users\\HP\\Dev\\projects\\Restaurant_App\\restaurant-BO\\node_modules\\jest-circus\\build\\run.js:121:9)\n    at _runTestsForDescribeBlock (C:\\Users\\HP\\Dev\\projects\\Restaurant_App\\restaurant-BO\\node_modules\\jest-circus\\build\\run.js:121:9)\n    at run (C:\\Users\\HP\\Dev\\projects\\Restaurant_App\\restaurant-BO\\node_modules\\jest-circus\\build\\run.js:71:3)\n    at runAndTransformResultsToJestFormat (C:\\Users\\HP\\Dev\\projects\\Restaurant_App\\restaurant-BO\\node_modules\\jest-circus\\build\\legacy-code-todo-rewrite\\jestAdapterInit.js:122:21)\n    at jestAdapter (C:\\Users\\HP\\Dev\\projects\\Restaurant_App\\restaurant-BO\\node_modules\\jest-circus\\build\\legacy-code-todo-rewrite\\jestAdapter.js:79:19)\n    at runTestInternal (C:\\Users\\HP\\Dev\\projects\\Restaurant_App\\restaurant-BO\\node_modules\\jest-runner\\build\\runTest.js:367:16)\n    at runTest (C:\\Users\\HP\\Dev\\projects\\Restaurant_App\\restaurant-BO\\node_modules\\jest-runner\\build\\runTest.js:444:34)","timestamp":"2026-08-15T13:26:56.280Z"}
{"error":"XLSX format is not yet implemented. Please use CSV format.","jobId":"6a8069208068a0d959c1fb42","level":"error","message":"export.job.failed","reportType":"sales","stack":"Error: XLSX format is not yet implemented. Please use CSV format.\n    at ExportService.processSingleJob (C:\\Users\\HP\\Dev\\projects\\Restaurant_App\\restaurant-BO\\src\\modules\\reports\\service\\export.service.js:246:17)\n    at ExportService.processJob (C:\\Users\\HP\\Dev\\projects\\Restaurant_App\\restaurant-BO\\src\\modules\\reports\\service\\export.service.js:174:7)\n    at Object.<anonymous> (C:\\Users\\HP\\Dev\\projects\\Restaurant_App\\restaurant-BO\\tests\\export-service-processJob.test.js:253:7)","timestamp":"2026-08-15T13:26:56.282Z"}
{"error":"XLSX format is not yet implemented. Please use CSV format.","jobId":"6a8069208068a0d959c1fb42","level":"error","message":"export.job.error","stack":"Error: XLSX format is not yet implemented. Please use CSV format.\n    at ExportService.processSingleJob (C:\\Users\\HP\\Dev\\projects\\Restaurant_App\\restaurant-BO\\src\\modules\\reports\\service\\export.service.js:246:17)\n    at ExportService.processJob (C:\\Users\\HP\\Dev\\projects\\Restaurant_App\\restaurant-BO\\src\\modules\\reports\\service\\export.service.js:174:7)\n    at Object.<anonymous> (C:\\Users\\HP\\Dev\\projects\\Restaurant_App\\restaurant-BO\\tests\\export-service-processJob.test.js:253:7)","timestamp":"2026-08-15T13:26:56.282Z"}
{"error":"PDF format is not yet implemented. Please use CSV format.","jobId":"6a8069208068a0d959c1fb45","level":"error","message":"export.job.failed","reportType":"sales","stack":"Error: PDF format is not yet implemented. Please use CSV format.\n    at ExportService.processSingleJob (C:\\Users\\HP\\Dev\\projects\\Restaurant_App\\restaurant-BO\\src\\modules\\reports\\service\\export.service.js:250:17)\n    at ExportService.processJob (C:\\Users\\HP\\Dev\\projects\\Restaurant_App\\restaurant-BO\\src\\modules\\reports\\service\\export.service.js:174:7)\n    at Object.<anonymous> (C:\\Users\\HP\\Dev\\projects\\Restaurant_App\\restaurant-BO\\tests\\export-service-processJob.test.js:267:7)","timestamp":"2026-08-15T13:26:56.282Z"}
{"error":"PDF format is not yet implemented. Please use CSV format.","jobId":"6a8069208068a0d959c1fb45","level":"error","message":"export.job.error","stack":"Error: PDF format is not yet implemented. Please use CSV format.\n    at ExportService.processSingleJob (C:\\Users\\HP\\Dev\\projects\\Restaurant_App\\restaurant-BO\\src\\modules\\reports\\service\\export.service.js:250:17)\n    at ExportService.processJob (C:\\Users\\HP\\Dev\\projects\\Restaurant_App\\restaurant-BO\\src\\modules\\reports\\service\\export.service.js:174:7)\n    at Object.<anonymous> (C:\\Users\\HP\\Dev\\projects\\Restaurant_App\\restaurant-BO\\tests\\export-service-processJob.test.js:267:7)","timestamp":"2026-08-15T13:26:56.282Z"}
{"error":"Unsupported report type: invalid_type","jobId":"6a8069208068a0d959c1fb4c","level":"error","message":"export.job.failed","reportType":"invalid_type","stack":"Error: Unsupported report type: invalid_type\n    at ExportService.processSingleJob (C:\\Users\\HP\\Dev\\projects\\Restaurant_App\\restaurant-BO\\src\\modules\\reports\\service\\export.service.js:217:15)\n    at ExportService.processJob (C:\\Users\\HP\\Dev\\projects\\Restaurant_App\\restaurant-BO\\src\\modules\\reports\\service\\export.service.js:174:7)\n    at Object.<anonymous> (C:\\Users\\HP\\Dev\\projects\\Restaurant_App\\restaurant-BO\\tests\\export-service-processJob.test.js:304:7)","timestamp":"2026-08-15T13:26:56.284Z"}
{"error":"Unsupported report type: invalid_type","jobId":"6a8069208068a0d959c1fb4c","level":"error","message":"export.job.error","stack":"Error: Unsupported report type: invalid_type\n    at ExportService.processSingleJob (C:\\Users\\HP\\Dev\\projects\\Restaurant_App\\restaurant-BO\\src\\modules\\reports\\service\\export.service.js:217:15)\n    at ExportService.processJob (C:\\Users\\HP\\Dev\\projects\\Restaurant_App\\restaurant-BO\\src\\modules\\reports\\service\\export.service.js:174:7)\n    at Object.<anonymous> (C:\\Users\\HP\\Dev\\projects\\Restaurant_App\\restaurant-BO\\tests\\export-service-processJob.test.js:304:7)","timestamp":"2026-08-15T13:26:56.284Z"}
{"error":"Export job 6a8072c00a71fab7c18fb9e3 not found or not in pending status","jobId":"6a8072c00a71fab7c18fb9e3","level":"error","message":"export.job.error","stack":"Error: Export job 6a8072c00a71fab7c18fb9e3 not found or not in pending status\n    at ExportService.processJob (C:\\Users\\HP\\Dev\\projects\\Restaurant_App\\restaurant-BO\\src\\modules\\reports\\service\\export.service.js:163:15)\n    at Object.<anonymous> (C:\\Users\\HP\\Dev\\projects\\Restaurant_App\\restaurant-BO\\tests\\export-service-processJob.test.js:68:7)","timestamp":"2026-08-15T14:08:00.601Z"}
{"error":"Export job 6a8072c00a71fab7c18fb9e3 not found or not in pending status","jobId":"6a8072c00a71fab7c18fb9e3","level":"error","message":"export.job.error","stack":"Error: Export job 6a8072c00a71fab7c18fb9e3 not found or not in pending status\n    at ExportService.processJob (C:\\Users\\HP\\Dev\\projects\\Restaurant_App\\restaurant-BO\\src\\modules\\reports\\service\\export.service.js:163:15)\n    at Object.<anonymous> (C:\\Users\\HP\\Dev\\projects\\Restaurant_App\\restaurant-BO\\tests\\export-service-processJob.test.js:69:7)","timestamp":"2026-08-15T14:08:00.604Z"}
{"error":"Export job 6a8072c00a71fab7c18fb9e6 not found or not in pending status","jobId":"6a8072c00a71fab7c18fb9e6","level":"error","message":"export.job.error","stack":"Error: Export job 6a8072c00a71fab7c18fb9e6 not found or not in pending status\n    at ExportService.processJob (C:\\Users\\HP\\Dev\\projects\\Restaurant_App\\restaurant-BO\\src\\modules\\reports\\service\\export.service.js:163:15)\n    at Object.<anonymous> (C:\\Users\\HP\\Dev\\projects\\Restaurant_App\\restaurant-BO\\tests\\export-service-processJob.test.js:77:7)","timestamp":"2026-08-15T14:08:00.606Z"}
{"error":"Report generation failed","jobId":"6a8072c00a71fab7c18fb9fe","level":"error","message":"export.job.failed","reportType":"sales","stack":"Error: Report generation failed\n    at Object.<anonymous> (C:\\Users\\HP\\Dev\\projects\\Restaurant_App\\restaurant-BO\\tests\\export-service-processJob.test.js:203:53)\n    at Promise.then.completed (C:\\Users\\HP\\Dev\\projects\\Restaurant_App\\restaurant-BO\\node_modules\\jest-circus\\build\\utils.js:298:28)\n    at new Promise (<anonymous>)\n    at callAsyncCircusFn (C:\\Users\\HP\\Dev\\projects\\Restaurant_App\\restaurant-BO\\node_modules\\jest-circus\\build\\utils.js:231:10)\n    at _callCircusTest (C:\\Users\\HP\\Dev\\projects\\Restaurant_App\\restaurant-BO\\node_modules\\jest-circus\\build\\run.js:316:40)\n    at _runTest (C:\\Users\\HP\\Dev\\projects\\Restaurant_App\\restaurant-BO\\node_modules\\jest-circus\\build\\run.js:252:3)\n    at _runTestsForDescribeBlock (C:\\Users\\HP\\Dev\\projects\\Restaurant_App\\restaurant-BO\\node_modules\\jest-circus\\build\\run.js:126:9)\n    at _runTestsForDescribeBlock (C:\\Users\\HP\\Dev\\projects\\Restaurant_App\\restaurant-BO\\node_modules\\jest-circus\\build\\run.js:121:9)\n    at _runTestsForDescribeBlock (C:\\Users\\HP\\Dev\\projects\\Restaurant_App\\restaurant-BO\\node_modules\\jest-circus\\build\\run.js:121:9)\n    at run (C:\\Users\\HP\\Dev\\projects\\Restaurant_App\\restaurant-BO\\node_modules\\jest-circus\\build\\run.js:71:3)\n    at runAndTransformResultsToJestFormat (C:\\Users\\HP\\Dev\\projects\\Restaurant_App\\restaurant-BO\\node_modules\\jest-circus\\build\\legacy-code-todo-rewrite\\jestAdapterInit.js:122:21)\n    at jestAdapter (C:\\Users\\HP\\Dev\\projects\\Restaurant_App\\restaurant-BO\\node_modules\\jest-circus\\build\\legacy-code-todo-rewrite\\jestAdapter.js:79:19)\n    at runTestInternal (C:\\Users\\HP\\Dev\\projects\\Restaurant_App\\restaurant-BO\\node_modules\\jest-runner\\build\\runTest.js:367:16)\n    at runTest (C:\\Users\\HP\\Dev\\projects\\Restaurant_App\\restaurant-BO\\node_modules\\jest-runner\\build\\runTest.js:444:34)","timestamp":"2026-08-15T14:08:00.623Z"}
{"error":"Report generation failed","jobId":"6a8072c00a71fab7c18fb9fe","level":"error","message":"export.job.error","stack":"Error: Report generation failed\n    at Object.<anonymous> (C:\\Users\\HP\\Dev\\projects\\Restaurant_App\\restaurant-BO\\tests\\export-service-processJob.test.js:203:53)\n    at Promise.then.completed (C:\\Users\\HP\\Dev\\projects\\Restaurant_App\\restaurant-BO\\node_modules\\jest-circus\\build\\utils.js:298:28)\n    at new Promise (<anonymous>)\n    at callAsyncCircusFn (C:\\Users\\HP\\Dev\\projects\\Restaurant_App\\restaurant-BO\\node_modules\\jest-circus\\build\\utils.js:231:10)\n    at _callCircusTest (C:\\Users\\HP\\Dev\\projects\\Restaurant_App\\restaurant-BO\\node_modules\\jest-circus\\build\\run.js:316:40)\n    at _runTest (C:\\Users\\HP\\Dev\\projects\\Restaurant_App\\restaurant-BO\\node_modules\\jest-circus\\build\\run.js:252:3)\n    at _runTestsForDescribeBlock (C:\\Users\\HP\\Dev\\projects\\Restaurant_App\\restaurant-BO\\node_modules\\jest-circus\\build\\run.js:126:9)\n    at _runTestsForDescribeBlock (C:\\Users\\HP\\Dev\\projects\\Restaurant_App\\restaurant-BO\\node_modules\\jest-circus\\build\\run.js:121:9)\n    at _runTestsForDescribeBlock (C:\\Users\\HP\\Dev\\projects\\Restaurant_App\\restaurant-BO\\node_modules\\jest-circus\\build\\run.js:121:9)\n    at run (C:\\Users\\HP\\Dev\\projects\\Restaurant_App\\restaurant-BO\\node_modules\\jest-circus\\build\\run.js:71:3)\n    at runAndTransformResultsToJestFormat (C:\\Users\\HP\\Dev\\projects\\Restaurant_App\\restaurant-BO\\node_modules\\jest-circus\\build\\legacy-code-todo-rewrite\\jestAdapterInit.js:122:21)\n    at jestAdapter (C:\\Users\\HP\\Dev\\projects\\Restaurant_App\\restaurant-BO\\node_modules\\jest-circus\\build\\legacy-code-todo-rewrite\\jestAdapter.js:79:19)\n    at runTestInternal (C:\\Users\\HP\\Dev\\projects\\Restaurant_App\\restaurant-BO\\node_modules\\jest-runner\\build\\runTest.js:367:16)\n    at runTest (C:\\Users\\HP\\Dev\\projects\\Restaurant_App\\restaurant-BO\\node_modules\\jest-runner\\build\\runTest.js:444:34)","timestamp":"2026-08-15T14:08:00.624Z"}
{"error":"File save failed","jobId":"6a8072c00a71fab7c18fba01","level":"error","message":"export.job.failed","reportType":"sales","stack":"Error: File save failed\n    at Object.<anonymous> (C:\\Users\\HP\\Dev\\projects\\Restaurant_App\\restaurant-BO\\tests\\export-service-processJob.test.js:227:62)\n    at Promise.then.completed (C:\\Users\\HP\\Dev\\projects\\Restaurant_App\\restaurant-BO\\node_modules\\jest-circus\\build\\utils.js:298:28)\n    at new Promise (<anonymous>)\n    at callAsyncCircusFn (C:\\Users\\HP\\Dev\\projects\\Restaurant_App\\restaurant-BO\\node_modules\\jest-circus\\build\\utils.js:231:10)\n    at _callCircusTest (C:\\Users\\HP\\Dev\\projects\\Restaurant_App\\restaurant-BO\\node_modules\\jest-circus\\build\\run.js:316:40)\n    at _runTest (C:\\Users\\HP\\Dev\\projects\\Restaurant_App\\restaurant-BO\\node_modules\\jest-circus\\build\\run.js:252:3)\n    at _runTestsForDescribeBlock (C:\\Users\\HP\\Dev\\projects\\Restaurant_App\\restaurant-BO\\node_modules\\jest-circus\\build\\run.js:126:9)\n    at _runTestsForDescribeBlock (C:\\Users\\HP\\Dev\\projects\\Restaurant_App\\restaurant-BO\\node_modules\\jest-circus\\build\\run.js:121:9)\n    at _runTestsForDescribeBlock (C:\\Users\\HP\\Dev\\projects\\Restaurant_App\\restaurant-BO\\node_modules\\jest-circus\\build\\run.js:121:9)\n    at run (C:\\Users\\HP\\Dev\\projects\\Restaurant_App\\restaurant-BO\\node_modules\\jest-circus\\build\\run.js:71:3)\n    at runAndTransformResultsToJestFormat (C:\\Users\\HP\\Dev\\projects\\Restaurant_App\\restaurant-BO\\node_modules\\jest-circus\\build\\legacy-code-todo-rewrite\\jestAdapterInit.js:122:21)\n    at jestAdapter (C:\\Users\\HP\\Dev\\projects\\Restaurant_App\\restaurant-BO\\node_modules\\jest-circus\\build\\legacy-code-todo-rewrite\\jestAdapter.js:79:19)\n    at runTestInternal (C:\\Users\\HP\\Dev\\projects\\Restaurant_App\\restaurant-BO\\node_modules\\jest-runner\\build\\runTest.js:367:16)\n    at runTest (C:\\Users\\HP\\Dev\\projects\\Restaurant_App\\restaurant-BO\\node_modules\\jest-runner\\build\\runTest.js:444:34)","timestamp":"2026-08-15T14:08:00.627Z"}
{"error":"File save failed","jobId":"6a8072c00a71fab7c18fba01","level":"error","message":"export.job.error","stack":"Error: File save failed\n    at Object.<anonymous> (C:\\Users\\HP\\Dev\\projects\\Restaurant_App\\restaurant-BO\\tests\\export-service-processJob.test.js:227:62)\n    at Promise.then.completed (C:\\Users\\HP\\Dev\\projects\\Restaurant_App\\restaurant-BO\\node_modules\\jest-circus\\build\\utils.js:298:28)\n    at new Promise (<anonymous>)\n    at callAsyncCircusFn (C:\\Users\\HP\\Dev\\projects\\Restaurant_App\\restaurant-BO\\node_modules\\jest-circus\\build\\utils.js:231:10)\n    at _callCircusTest (C:\\Users\\HP\\Dev\\projects\\Restaurant_App\\restaurant-BO\\node_modules\\jest-circus\\build\\run.js:316:40)\n    at _runTest (C:\\Users\\HP\\Dev\\projects\\Restaurant_App\\restaurant-BO\\node_modules\\jest-circus\\build\\run.js:252:3)\n    at _runTestsForDescribeBlock (C:\\Users\\HP\\Dev\\projects\\Restaurant_App\\restaurant-BO\\node_modules\\jest-circus\\build\\run.js:126:9)\n    at _runTestsForDescribeBlock (C:\\Users\\HP\\Dev\\projects\\Restaurant_App\\restaurant-BO\\node_modules\\jest-circus\\build\\run.js:121:9)\n    at _runTestsForDescribeBlock (C:\\Users\\HP\\Dev\\projects\\Restaurant_App\\restaurant-BO\\node_modules\\jest-circus\\build\\run.js:121:9)\n    at run (C:\\Users\\HP\\Dev\\projects\\Restaurant_App\\restaurant-BO\\node_modules\\jest-circus\\build\\run.js:71:3)\n    at runAndTransformResultsToJestFormat (C:\\Users\\HP\\Dev\\projects\\Restaurant_App\\restaurant-BO\\node_modules\\jest-circus\\build\\legacy-code-todo-rewrite\\jestAdapterInit.js:122:21)\n    at jestAdapter (C:\\Users\\HP\\Dev\\projects\\Restaurant_App\\restaurant-BO\\node_modules\\jest-circus\\build\\legacy-code-todo-rewrite\\jestAdapter.js:79:19)\n    at runTestInternal (C:\\Users\\HP\\Dev\\projects\\Restaurant_App\\restaurant-BO\\node_modules\\jest-runner\\build\\runTest.js:367:16)\n    at runTest (C:\\Users\\HP\\Dev\\projects\\Restaurant_App\\restaurant-BO\\node_modules\\jest-runner\\build\\runTest.js:444:34)","timestamp":"2026-08-15T14:08:00.629Z"}
{"error":"XLSX format is not yet implemented. Please use CSV format.","jobId":"6a8072c00a71fab7c18fba04","level":"error","message":"export.job.failed","reportType":"sales","stack":"Error: XLSX format is not yet implemented. Please use CSV format.\n    at ExportService.processSingleJob (C:\\Users\\HP\\Dev\\projects\\Restaurant_App\\restaurant-BO\\src\\modules\\reports\\service\\export.service.js:246:17)\n    at ExportService.processJob (C:\\Users\\HP\\Dev\\projects\\Restaurant_App\\restaurant-BO\\src\\modules\\reports\\service\\export.service.js:174:7)\n    at Object.<anonymous> (C:\\Users\\HP\\Dev\\projects\\Restaurant_App\\restaurant-BO\\tests\\export-service-processJob.test.js:253:7)","timestamp":"2026-08-15T14:08:00.630Z"}
{"error":"XLSX format is not yet implemented. Please use CSV format.","jobId":"6a8072c00a71fab7c18fba04","level":"error","message":"export.job.error","stack":"Error: XLSX format is not yet implemented. Please use CSV format.\n    at ExportService.processSingleJob (C:\\Users\\HP\\Dev\\projects\\Restaurant_App\\restaurant-BO\\src\\modules\\reports\\service\\export.service.js:246:17)\n    at ExportService.processJob (C:\\Users\\HP\\Dev\\projects\\Restaurant_App\\restaurant-BO\\src\\modules\\reports\\service\\export.service.js:174:7)\n    at Object.<anonymous> (C:\\Users\\HP\\Dev\\projects\\Restaurant_App\\restaurant-BO\\tests\\export-service-processJob.test.js:253:7)","timestamp":"2026-08-15T14:08:00.631Z"}
{"error":"PDF format is not yet implemented. Please use CSV format.","jobId":"6a8072c00a71fab7c18fba07","level":"error","message":"export.job.failed","reportType":"sales","stack":"Error: PDF format is not yet implemented. Please use CSV format.\n    at ExportService.processSingleJob (C:\\Users\\HP\\Dev\\projects\\Restaurant_App\\restaurant-BO\\src\\modules\\reports\\service\\export.service.js:250:17)\n    at ExportService.processJob (C:\\Users\\HP\\Dev\\projects\\Restaurant_App\\restaurant-BO\\src\\modules\\reports\\service\\export.service.js:174:7)\n    at Object.<anonymous> (C:\\Users\\HP\\Dev\\projects\\Restaurant_App\\restaurant-BO\\tests\\export-service-processJob.test.js:267:7)","timestamp":"2026-08-15T14:08:00.633Z"}
{"error":"PDF format is not yet implemented. Please use CSV format.","jobId":"6a8072c00a71fab7c18fba07","level":"error","message":"export.job.error","stack":"Error: PDF format is not yet implemented. Please use CSV format.\n    at ExportService.processSingleJob (C:\\Users\\HP\\Dev\\projects\\Restaurant_App\\restaurant-BO\\src\\modules\\reports\\service\\export.service.js:250:17)\n    at ExportService.processJob (C:\\Users\\HP\\Dev\\projects\\Restaurant_App\\restaurant-BO\\src\\modules\\reports\\service\\export.service.js:174:7)\n    at Object.<anonymous> (C:\\Users\\HP\\Dev\\projects\\Restaurant_App\\restaurant-BO\\tests\\export-service-processJob.test.js:267:7)","timestamp":"2026-08-15T14:08:00.633Z"}
{"error":"Unsupported report type: invalid_type","jobId":"6a8072c00a71fab7c18fba0e","level":"error","message":"export.job.failed","reportType":"invalid_type","stack":"Error: Unsupported report type: invalid_type\n    at ExportService.processSingleJob (C:\\Users\\HP\\Dev\\projects\\Restaurant_App\\restaurant-BO\\src\\modules\\reports\\service\\export.service.js:217:15)\n    at ExportService.processJob (C:\\Users\\HP\\Dev\\projects\\Restaurant_App\\restaurant-BO\\src\\modules\\reports\\service\\export.service.js:174:7)\n    at Object.<anonymous> (C:\\Users\\HP\\Dev\\projects\\Restaurant_App\\restaurant-BO\\tests\\export-service-processJob.test.js:304:7)","timestamp":"2026-08-15T14:08:00.637Z"}
{"error":"Unsupported report type: invalid_type","jobId":"6a8072c00a71fab7c18fba0e","level":"error","message":"export.job.error","stack":"Error: Unsupported report type: invalid_type\n    at ExportService.processSingleJob (C:\\Users\\HP\\Dev\\projects\\Restaurant_App\\restaurant-BO\\src\\modules\\reports\\service\\export.service.js:217:15)\n    at ExportService.processJob (C:\\Users\\HP\\Dev\\projects\\Restaurant_App\\restaurant-BO\\src\\modules\\reports\\service\\export.service.js:174:7)\n    at Object.<anonymous> (C:\\Users\\HP\\Dev\\projects\\Restaurant_App\\restaurant-BO\\tests\\export-service-processJob.test.js:304:7)","timestamp":"2026-08-15T14:08:00.637Z"}
{"error":"Export job 6a80865aab462e9ee36f36cb not found or not in pending status","jobId":"6a80865aab462e9ee36f36cb","level":"error","message":"export.job.error","stack":"Error: Export job 6a80865aab462e9ee36f36cb not found or not in pending status\n    at ExportService.processJob (C:\\Users\\HP\\Dev\\projects\\Restaurant_App\\restaurant-BO\\src\\modules\\reports\\service\\export.service.js:163:15)\n    at Object.<anonymous> (C:\\Users\\HP\\Dev\\projects\\Restaurant_App\\restaurant-BO\\tests\\export-service-processJob.test.js:68:7)","timestamp":"2026-08-15T15:31:38.299Z"}
{"error":"Export job 6a80865aab462e9ee36f36cb not found or not in pending status","jobId":"6a80865aab462e9ee36f36cb","level":"error","message":"export.job.error","stack":"Error: Export job 6a80865aab462e9ee36f36cb not found or not in pending status\n    at ExportService.processJob (C:\\Users\\HP\\Dev\\projects\\Restaurant_App\\restaurant-BO\\src\\modules\\reports\\service\\export.service.js:163:15)\n    at Object.<anonymous> (C:\\Users\\HP\\Dev\\projects\\Restaurant_App\\restaurant-BO\\tests\\export-service-processJob.test.js:69:7)","timestamp":"2026-08-15T15:31:38.310Z"}
{"error":"Export job 6a80865aab462e9ee36f36ce not found or not in pending status","jobId":"6a80865aab462e9ee36f36ce","level":"error","message":"export.job.error","stack":"Error: Export job 6a80865aab462e9ee36f36ce not found or not in pending status\n    at ExportService.processJob (C:\\Users\\HP\\Dev\\projects\\Restaurant_App\\restaurant-BO\\src\\modules\\reports\\service\\export.service.js:163:15)\n    at Object.<anonymous> (C:\\Users\\HP\\Dev\\projects\\Restaurant_App\\restaurant-BO\\tests\\export-service-processJob.test.js:77:7)","timestamp":"2026-08-15T15:31:38.314Z"}
{"error":"Report generation failed","jobId":"6a80865aab462e9ee36f36e6","level":"error","message":"export.job.failed","reportType":"sales","stack":"Error: Report generation failed\n    at Object.<anonymous> (C:\\Users\\HP\\Dev\\projects\\Restaurant_App\\restaurant-BO\\tests\\export-service-processJob.test.js:203:53)\n    at Promise.then.completed (C:\\Users\\HP\\Dev\\projects\\Restaurant_App\\restaurant-BO\\node_modules\\jest-circus\\build\\utils.js:298:28)\n    at new Promise (<anonymous>)\n    at callAsyncCircusFn (C:\\Users\\HP\\Dev\\projects\\Restaurant_App\\restaurant-BO\\node_modules\\jest-circus\\build\\utils.js:231:10)\n    at _callCircusTest (C:\\Users\\HP\\Dev\\projects\\Restaurant_App\\restaurant-BO\\node_modules\\jest-circus\\build\\run.js:316:40)\n    at _runTest (C:\\Users\\HP\\Dev\\projects\\Restaurant_App\\restaurant-BO\\node_modules\\jest-circus\\build\\run.js:252:3)\n    at _runTestsForDescribeBlock (C:\\Users\\HP\\Dev\\projects\\Restaurant_App\\restaurant-BO\\node_modules\\jest-circus\\build\\run.js:126:9)\n    at _runTestsForDescribeBlock (C:\\Users\\HP\\Dev\\projects\\Restaurant_App\\restaurant-BO\\node_modules\\jest-circus\\build\\run.js:121:9)\n    at _runTestsForDescribeBlock (C:\\Users\\HP\\Dev\\projects\\Restaurant_App\\restaurant-BO\\node_modules\\jest-circus\\build\\run.js:121:9)\n    at run (C:\\Users\\HP\\Dev\\projects\\Restaurant_App\\restaurant-BO\\node_modules\\jest-circus\\build\\run.js:71:3)\n    at runAndTransformResultsToJestFormat (C:\\Users\\HP\\Dev\\projects\\Restaurant_App\\restaurant-BO\\node_modules\\jest-circus\\build\\legacy-code-todo-rewrite\\jestAdapterInit.js:122:21)\n    at jestAdapter (C:\\Users\\HP\\Dev\\projects\\Restaurant_App\\restaurant-BO\\node_modules\\jest-circus\\build\\legacy-code-todo-rewrite\\jestAdapter.js:79:19)\n    at runTestInternal (C:\\Users\\HP\\Dev\\projects\\Restaurant_App\\restaurant-BO\\node_modules\\jest-runner\\build\\runTest.js:367:16)\n    at runTest (C:\\Users\\HP\\Dev\\projects\\Restaurant_App\\restaurant-BO\\node_modules\\jest-runner\\build\\runTest.js:444:34)","timestamp":"2026-08-15T15:31:38.378Z"}
{"error":"Report generation failed","jobId":"6a80865aab462e9ee36f36e6","level":"error","message":"export.job.error","stack":"Error: Report generation failed\n    at Object.<anonymous> (C:\\Users\\HP\\Dev\\projects\\Restaurant_App\\restaurant-BO\\tests\\export-service-processJob.test.js:203:53)\n    at Promise.then.completed (C:\\Users\\HP\\Dev\\projects\\Restaurant_App\\restaurant-BO\\node_modules\\jest-circus\\build\\utils.js:298:28)\n    at new Promise (<anonymous>)\n    at callAsyncCircusFn (C:\\Users\\HP\\Dev\\projects\\Restaurant_App\\restaurant-BO\\node_modules\\jest-circus\\build\\utils.js:231:10)\n    at _callCircusTest (C:\\Users\\HP\\Dev\\projects\\Restaurant_App\\restaurant-BO\\node_modules\\jest-circus\\build\\run.js:316:40)\n    at _runTest (C:\\Users\\HP\\Dev\\projects\\Restaurant_App\\restaurant-BO\\node_modules\\jest-circus\\build\\run.js:252:3)\n    at _runTestsForDescribeBlock (C:\\Users\\HP\\Dev\\projects\\Restaurant_App\\restaurant-BO\\node_modules\\jest-circus\\build\\run.js:126:9)\n    at _runTestsForDescribeBlock (C:\\Users\\HP\\Dev\\projects\\Restaurant_App\\restaurant-BO\\node_modules\\jest-circus\\build\\run.js:121:9)\n    at _runTestsForDescribeBlock (C:\\Users\\HP\\Dev\\projects\\Restaurant_App\\restaurant-BO\\node_modules\\jest-circus\\build\\run.js:121:9)\n    at run (C:\\Users\\HP\\Dev\\projects\\Restaurant_App\\restaurant-BO\\node_modules\\jest-circus\\build\\run.js:71:3)\n    at runAndTransformResultsToJestFormat (C:\\Users\\HP\\Dev\\projects\\Restaurant_App\\restaurant-BO\\node_modules\\jest-circus\\build\\legacy-code-todo-rewrite\\jestAdapterInit.js:122:21)\n    at jestAdapter (C:\\Users\\HP\\Dev\\projects\\Restaurant_App\\restaurant-BO\\node_modules\\jest-circus\\build\\legacy-code-todo-rewrite\\jestAdapter.js:79:19)\n    at runTestInternal (C:\\Users\\HP\\Dev\\projects\\Restaurant_App\\restaurant-BO\\node_modules\\jest-runner\\build\\runTest.js:367:16)\n    at runTest (C:\\Users\\HP\\Dev\\projects\\Restaurant_App\\restaurant-BO\\node_modules\\jest-runner\\build\\runTest.js:444:34)","timestamp":"2026-08-15T15:31:38.381Z"}
{"error":"File save failed","jobId":"6a80865aab462e9ee36f36e9","level":"error","message":"export.job.failed","reportType":"sales","stack":"Error: File save failed\n    at Object.<anonymous> (C:\\Users\\HP\\Dev\\projects\\Restaurant_App\\restaurant-BO\\tests\\export-service-processJob.test.js:227:62)\n    at Promise.then.completed (C:\\Users\\HP\\Dev\\projects\\Restaurant_App\\restaurant-BO\\node_modules\\jest-circus\\build\\utils.js:298:28)\n    at new Promise (<anonymous>)\n    at callAsyncCircusFn (C:\\Users\\HP\\Dev\\projects\\Restaurant_App\\restaurant-BO\\node_modules\\jest-circus\\build\\utils.js:231:10)\n    at _callCircusTest (C:\\Users\\HP\\Dev\\projects\\Restaurant_App\\restaurant-BO\\node_modules\\jest-circus\\build\\run.js:316:40)\n    at _runTest (C:\\Users\\HP\\Dev\\projects\\Restaurant_App\\restaurant-BO\\node_modules\\jest-circus\\build\\run.js:252:3)\n    at _runTestsForDescribeBlock (C:\\Users\\HP\\Dev\\projects\\Restaurant_App\\restaurant-BO\\node_modules\\jest-circus\\build\\run.js:126:9)\n    at _runTestsForDescribeBlock (C:\\Users\\HP\\Dev\\projects\\Restaurant_App\\restaurant-BO\\node_modules\\jest-circus\\build\\run.js:121:9)\n    at _runTestsForDescribeBlock (C:\\Users\\HP\\Dev\\projects\\Restaurant_App\\restaurant-BO\\node_modules\\jest-circus\\build\\run.js:121:9)\n    at run (C:\\Users\\HP\\Dev\\projects\\Restaurant_App\\restaurant-BO\\node_modules\\jest-circus\\build\\run.js:71:3)\n    at runAndTransformResultsToJestFormat (C:\\Users\\HP\\Dev\\projects\\Restaurant_App\\restaurant-BO\\node_modules\\jest-circus\\build\\legacy-code-todo-rewrite\\jestAdapterInit.js:122:21)\n    at jestAdapter (C:\\Users\\HP\\Dev\\projects\\Restaurant_App\\restaurant-BO\\node_modules\\jest-circus\\build\\legacy-code-todo-rewrite\\jestAdapter.js:79:19)\n    at runTestInternal (C:\\Users\\HP\\Dev\\projects\\Restaurant_App\\restaurant-BO\\node_modules\\jest-runner\\build\\runTest.js:367:16)\n    at runTest (C:\\Users\\HP\\Dev\\projects\\Restaurant_App\\restaurant-BO\\node_modules\\jest-runner\\build\\runTest.js:444:34)","timestamp":"2026-08-15T15:31:38.394Z"}
{"error":"File save failed","jobId":"6a80865aab462e9ee36f36e9","level":"error","message":"export.job.error","stack":"Error: File save failed\n    at Object.<anonymous> (C:\\Users\\HP\\Dev\\projects\\Restaurant_App\\restaurant-BO\\tests\\export-service-processJob.test.js:227:62)\n    at Promise.then.completed (C:\\Users\\HP\\Dev\\projects\\Restaurant_App\\restaurant-BO\\node_modules\\jest-circus\\build\\utils.js:298:28)\n    at new Promise (<anonymous>)\n    at callAsyncCircusFn (C:\\Users\\HP\\Dev\\projects\\Restaurant_App\\restaurant-BO\\node_modules\\jest-circus\\build\\utils.js:231:10)\n    at _callCircusTest (C:\\Users\\HP\\Dev\\projects\\Restaurant_App\\restaurant-BO\\node_modules\\jest-circus\\build\\run.js:316:40)\n    at _runTest (C:\\Users\\HP\\Dev\\projects\\Restaurant_App\\restaurant-BO\\node_modules\\jest-circus\\build\\run.js:252:3)\n    at _runTestsForDescribeBlock (C:\\Users\\HP\\Dev\\projects\\Restaurant_App\\restaurant-BO\\node_modules\\jest-circus\\build\\run.js:126:9)\n    at _runTestsForDescribeBlock (C:\\Users\\HP\\Dev\\projects\\Restaurant_App\\restaurant-BO\\node_modules\\jest-circus\\build\\run.js:121:9)\n    at _runTestsForDescribeBlock (C:\\Users\\HP\\Dev\\projects\\Restaurant_App\\restaurant-BO\\node_modules\\jest-circus\\build\\run.js:121:9)\n    at run (C:\\Users\\HP\\Dev\\projects\\Restaurant_App\\restaurant-BO\\node_modules\\jest-circus\\build\\run.js:71:3)\n    at runAndTransformResultsToJestFormat (C:\\Users\\HP\\Dev\\projects\\Restaurant_App\\restaurant-BO\\node_modules\\jest-circus\\build\\legacy-code-todo-rewrite\\jestAdapterInit.js:122:21)\n    at jestAdapter (C:\\Users\\HP\\Dev\\projects\\Restaurant_App\\restaurant-BO\\node_modules\\jest-circus\\build\\legacy-code-todo-rewrite\\jestAdapter.js:79:19)\n    at runTestInternal (C:\\Users\\HP\\Dev\\projects\\Restaurant_App\\restaurant-BO\\node_modules\\jest-runner\\build\\runTest.js:367:16)\n    at runTest (C:\\Users\\HP\\Dev\\projects\\Restaurant_App\\restaurant-BO\\node_modules\\jest-runner\\build\\runTest.js:444:34)","timestamp":"2026-08-15T15:31:38.395Z"}
{"error":"XLSX format is not yet implemented. Please use CSV format.","jobId":"6a80865aab462e9ee36f36ec","level":"error","message":"export.job.failed","reportType":"sales","stack":"Error: XLSX format is not yet implemented. Please use CSV format.\n    at ExportService.processSingleJob (C:\\Users\\HP\\Dev\\projects\\Restaurant_App\\restaurant-BO\\src\\modules\\reports\\service\\export.service.js:246:17)\n    at ExportService.processJob (C:\\Users\\HP\\Dev\\projects\\Restaurant_App\\restaurant-BO\\src\\modules\\reports\\service\\export.service.js:174:7)\n    at Object.<anonymous> (C:\\Users\\HP\\Dev\\projects\\Restaurant_App\\restaurant-BO\\tests\\export-service-processJob.test.js:253:7)","timestamp":"2026-08-15T15:31:38.404Z"}
{"error":"XLSX format is not yet implemented. Please use CSV format.","jobId":"6a80865aab462e9ee36f36ec","level":"error","message":"export.job.error","stack":"Error: XLSX format is not yet implemented. Please use CSV format.\n    at ExportService.processSingleJob (C:\\Users\\HP\\Dev\\projects\\Restaurant_App\\restaurant-BO\\src\\modules\\reports\\service\\export.service.js:246:17)\n    at ExportService.processJob (C:\\Users\\HP\\Dev\\projects\\Restaurant_App\\restaurant-BO\\src\\modules\\reports\\service\\export.service.js:174:7)\n    at Object.<anonymous> (C:\\Users\\HP\\Dev\\projects\\Restaurant_App\\restaurant-BO\\tests\\export-service-processJob.test.js:253:7)","timestamp":"2026-08-15T15:31:38.405Z"}
{"error":"PDF format is not yet implemented. Please use CSV format.","jobId":"6a80865aab462e9ee36f36ef","level":"error","message":"export.job.failed","reportType":"sales","stack":"Error: PDF format is not yet implemented. Please use CSV format.\n    at ExportService.processSingleJob (C:\\Users\\HP\\Dev\\projects\\Restaurant_App\\restaurant-BO\\src\\modules\\reports\\service\\export.service.js:250:17)\n    at ExportService.processJob (C:\\Users\\HP\\Dev\\projects\\Restaurant_App\\restaurant-BO\\src\\modules\\reports\\service\\export.service.js:174:7)\n    at Object.<anonymous> (C:\\Users\\HP\\Dev\\projects\\Restaurant_App\\restaurant-BO\\tests\\export-service-processJob.test.js:267:7)","timestamp":"2026-08-15T15:31:38.411Z"}
{"error":"PDF format is not yet implemented. Please use CSV format.","jobId":"6a80865aab462e9ee36f36ef","level":"error","message":"export.job.error","stack":"Error: PDF format is not yet implemented. Please use CSV format.\n    at ExportService.processSingleJob (C:\\Users\\HP\\Dev\\projects\\Restaurant_App\\restaurant-BO\\src\\modules\\reports\\service\\export.service.js:250:17)\n    at ExportService.processJob (C:\\Users\\HP\\Dev\\projects\\Restaurant_App\\restaurant-BO\\src\\modules\\reports\\service\\export.service.js:174:7)\n    at Object.<anonymous> (C:\\Users\\HP\\Dev\\projects\\Restaurant_App\\restaurant-BO\\tests\\export-service-processJob.test.js:267:7)","timestamp":"2026-08-15T15:31:38.412Z"}
{"error":"Unsupported report type: invalid_type","jobId":"6a80865aab462e9ee36f36f6","level":"error","message":"export.job.failed","reportType":"invalid_type","stack":"Error: Unsupported report type: invalid_type\n    at ExportService.processSingleJob (C:\\Users\\HP\\Dev\\projects\\Restaurant_App\\restaurant-BO\\src\\modules\\reports\\service\\export.service.js:217:15)\n    at ExportService.processJob (C:\\Users\\HP\\Dev\\projects\\Restaurant_App\\restaurant-BO\\src\\modules\\reports\\service\\export.service.js:174:7)\n    at Object.<anonymous> (C:\\Users\\HP\\Dev\\projects\\Restaurant_App\\restaurant-BO\\tests\\export-service-processJob.test.js:304:7)","timestamp":"2026-08-15T15:31:38.425Z"}
{"error":"Unsupported report type: invalid_type","jobId":"6a80865aab462e9ee36f36f6","level":"error","message":"export.job.error","stack":"Error: Unsupported report type: invalid_type\n    at ExportService.processSingleJob (C:\\Users\\HP\\Dev\\projects\\Restaurant_App\\restaurant-BO\\src\\modules\\reports\\service\\export.service.js:217:15)\n    at ExportService.processJob (C:\\Users\\HP\\Dev\\projects\\Restaurant_App\\restaurant-BO\\src\\modules\\reports\\service\\export.service.js:174:7)\n    at Object.<anonymous> (C:\\Users\\HP\\Dev\\projects\\Restaurant_App\\restaurant-BO\\tests\\export-service-processJob.test.js:304:7)","timestamp":"2026-08-15T15:31:38.426Z"}
{"error":"Export job 6a8087466b6b7fdc4fa16b50 not found or not in pending status","jobId":"6a8087466b6b7fdc4fa16b50","level":"error","message":"export.job.error","stack":"Error: Export job 6a8087466b6b7fdc4fa16b50 not found or not in pending status\n    at ExportService.processJob (C:\\Users\\HP\\Dev\\projects\\Restaurant_App\\restaurant-BO\\src\\modules\\reports\\service\\export.service.js:163:15)\n    at Object.<anonymous> (C:\\Users\\HP\\Dev\\projects\\Restaurant_App\\restaurant-BO\\tests\\export-service-processJob.test.js:68:7)","timestamp":"2026-08-15T15:35:34.242Z"}
{"error":"Export job 6a8087466b6b7fdc4fa16b50 not found or not in pending status","jobId":"6a8087466b6b7fdc4fa16b50","level":"error","message":"export.job.error","stack":"Error: Export job 6a8087466b6b7fdc4fa16b50 not found or not in pending status\n    at ExportService.processJob (C:\\Users\\HP\\Dev\\projects\\Restaurant_App\\restaurant-BO\\src\\modules\\reports\\service\\export.service.js:163:15)\n    at Object.<anonymous> (C:\\Users\\HP\\Dev\\projects\\Restaurant_App\\restaurant-BO\\tests\\export-service-processJob.test.js:69:7)","timestamp":"2026-08-15T15:35:34.246Z"}
{"error":"Export job 6a8087466b6b7fdc4fa16b53 not found or not in pending status","jobId":"6a8087466b6b7fdc4fa16b53","level":"error","message":"export.job.error","stack":"Error: Export job 6a8087466b6b7fdc4fa16b53 not found or not in pending status\n    at ExportService.processJob (C:\\Users\\HP\\Dev\\projects\\Restaurant_App\\restaurant-BO\\src\\modules\\reports\\service\\export.service.js:163:15)\n    at Object.<anonymous> (C:\\Users\\HP\\Dev\\projects\\Restaurant_App\\restaurant-BO\\tests\\export-service-processJob.test.js:77:7)","timestamp":"2026-08-15T15:35:34.248Z"}
{"error":"Report generation failed","jobId":"6a8087466b6b7fdc4fa16b6b","level":"error","message":"export.job.failed","reportType":"sales","stack":"Error: Report generation failed\n    at Object.<anonymous> (C:\\Users\\HP\\Dev\\projects\\Restaurant_App\\restaurant-BO\\tests\\export-service-processJob.test.js:203:53)\n    at Promise.then.completed (C:\\Users\\HP\\Dev\\projects\\Restaurant_App\\restaurant-BO\\node_modules\\jest-circus\\build\\utils.js:298:28)\n    at new Promise (<anonymous>)\n    at callAsyncCircusFn (C:\\Users\\HP\\Dev\\projects\\Restaurant_App\\restaurant-BO\\node_modules\\jest-circus\\build\\utils.js:231:10)\n    at _callCircusTest (C:\\Users\\HP\\Dev\\projects\\Restaurant_App\\restaurant-BO\\node_modules\\jest-circus\\build\\run.js:316:40)\n    at _runTest (C:\\Users\\HP\\Dev\\projects\\Restaurant_App\\restaurant-BO\\node_modules\\jest-circus\\build\\run.js:252:3)\n    at _runTestsForDescribeBlock (C:\\Users\\HP\\Dev\\projects\\Restaurant_App\\restaurant-BO\\node_modules\\jest-circus\\build\\run.js:126:9)\n    at _runTestsForDescribeBlock (C:\\Users\\HP\\Dev\\projects\\Restaurant_App\\restaurant-BO\\node_modules\\jest-circus\\build\\run.js:121:9)\n    at _runTestsForDescribeBlock (C:\\Users\\HP\\Dev\\projects\\Restaurant_App\\restaurant-BO\\node_modules\\jest-circus\\build\\run.js:121:9)\n    at run (C:\\Users\\HP\\Dev\\projects\\Restaurant_App\\restaurant-BO\\node_modules\\jest-circus\\build\\run.js:71:3)\n    at runAndTransformResultsToJestFormat (C:\\Users\\HP\\Dev\\projects\\Restaurant_App\\restaurant-BO\\node_modules\\jest-circus\\build\\legacy-code-todo-rewrite\\jestAdapterInit.js:122:21)\n    at jestAdapter (C:\\Users\\HP\\Dev\\projects\\Restaurant_App\\restaurant-BO\\node_modules\\jest-circus\\build\\legacy-code-todo-rewrite\\jestAdapter.js:79:19)\n    at runTestInternal (C:\\Users\\HP\\Dev\\projects\\Restaurant_App\\restaurant-BO\\node_modules\\jest-runner\\build\\runTest.js:367:16)\n    at runTest (C:\\Users\\HP\\Dev\\projects\\Restaurant_App\\restaurant-BO\\node_modules\\jest-runner\\build\\runTest.js:444:34)","timestamp":"2026-08-15T15:35:34.268Z"}
{"error":"Report generation failed","jobId":"6a8087466b6b7fdc4fa16b6b","level":"error","message":"export.job.error","stack":"Error: Report generation failed\n    at Object.<anonymous> (C:\\Users\\HP\\Dev\\projects\\Restaurant_App\\restaurant-BO\\tests\\export-service-processJob.test.js:203:53)\n    at Promise.then.completed (C:\\Users\\HP\\Dev\\projects\\Restaurant_App\\restaurant-BO\\node_modules\\jest-circus\\build\\utils.js:298:28)\n    at new Promise (<anonymous>)\n    at callAsyncCircusFn (C:\\Users\\HP\\Dev\\projects\\Restaurant_App\\restaurant-BO\\node_modules\\jest-circus\\build\\utils.js:231:10)\n    at _callCircusTest (C:\\Users\\HP\\Dev\\projects\\Restaurant_App\\restaurant-BO\\node_modules\\jest-circus\\build\\run.js:316:40)\n    at _runTest (C:\\Users\\HP\\Dev\\projects\\Restaurant_App\\restaurant-BO\\node_modules\\jest-circus\\build\\run.js:252:3)\n    at _runTestsForDescribeBlock (C:\\Users\\HP\\Dev\\projects\\Restaurant_App\\restaurant-BO\\node_modules\\jest-circus\\build\\run.js:126:9)\n    at _runTestsForDescribeBlock (C:\\Users\\HP\\Dev\\projects\\Restaurant_App\\restaurant-BO\\node_modules\\jest-circus\\build\\run.js:121:9)\n    at _runTestsForDescribeBlock (C:\\Users\\HP\\Dev\\projects\\Restaurant_App\\restaurant-BO\\node_modules\\jest-circus\\build\\run.js:121:9)\n    at run (C:\\Users\\HP\\Dev\\projects\\Restaurant_App\\restaurant-BO\\node_modules\\jest-circus\\build\\run.js:71:3)\n    at runAndTransformResultsToJestFormat (C:\\Users\\HP\\Dev\\projects\\Restaurant_App\\restaurant-BO\\node_modules\\jest-circus\\build\\legacy-code-todo-rewrite\\jestAdapterInit.js:122:21)\n    at jestAdapter (C:\\Users\\HP\\Dev\\projects\\Restaurant_App\\restaurant-BO\\node_modules\\jest-circus\\build\\legacy-code-todo-rewrite\\jestAdapter.js:79:19)\n    at runTestInternal (C:\\Users\\HP\\Dev\\projects\\Restaurant_App\\restaurant-BO\\node_modules\\jest-runner\\build\\runTest.js:367:16)\n    at runTest (C:\\Users\\HP\\Dev\\projects\\Restaurant_App\\restaurant-BO\\node_modules\\jest-runner\\build\\runTest.js:444:34)","timestamp":"2026-08-15T15:35:34.268Z"}
{"error":"File save failed","jobId":"6a8087466b6b7fdc4fa16b6e","level":"error","message":"export.job.failed","reportType":"sales","stack":"Error: File save failed\n    at Object.<anonymous> (C:\\Users\\HP\\Dev\\projects\\Restaurant_App\\restaurant-BO\\tests\\export-service-processJob.test.js:227:62)\n    at Promise.then.completed (C:\\Users\\HP\\Dev\\projects\\Restaurant_App\\restaurant-BO\\node_modules\\jest-circus\\build\\utils.js:298:28)\n    at new Promise (<anonymous>)\n    at callAsyncCircusFn (C:\\Users\\HP\\Dev\\projects\\Restaurant_App\\restaurant-BO\\node_modules\\jest-circus\\build\\utils.js:231:10)\n    at _callCircusTest (C:\\Users\\HP\\Dev\\projects\\Restaurant_App\\restaurant-BO\\node_modules\\jest-circus\\build\\run.js:316:40)\n    at _runTest (C:\\Users\\HP\\Dev\\projects\\Restaurant_App\\restaurant-BO\\node_modules\\jest-circus\\build\\run.js:252:3)\n    at _runTestsForDescribeBlock (C:\\Users\\HP\\Dev\\projects\\Restaurant_App\\restaurant-BO\\node_modules\\jest-circus\\build\\run.js:126:9)\n    at _runTestsForDescribeBlock (C:\\Users\\HP\\Dev\\projects\\Restaurant_App\\restaurant-BO\\node_modules\\jest-circus\\build\\run.js:121:9)\n    at _runTestsForDescribeBlock (C:\\Users\\HP\\Dev\\projects\\Restaurant_App\\restaurant-BO\\node_modules\\jest-circus\\build\\run.js:121:9)\n    at run (C:\\Users\\HP\\Dev\\projects\\Restaurant_App\\restaurant-BO\\node_modules\\jest-circus\\build\\run.js:71:3)\n    at runAndTransformResultsToJestFormat (C:\\Users\\HP\\Dev\\projects\\Restaurant_App\\restaurant-BO\\node_modules\\jest-circus\\build\\legacy-code-todo-rewrite\\jestAdapterInit.js:122:21)\n    at jestAdapter (C:\\Users\\HP\\Dev\\projects\\Restaurant_App\\restaurant-BO\\node_modules\\jest-circus\\build\\legacy-code-todo-rewrite\\jestAdapter.js:79:19)\n    at runTestInternal (C:\\Users\\HP\\Dev\\projects\\Restaurant_App\\restaurant-BO\\node_modules\\jest-runner\\build\\runTest.js:367:16)\n    at runTest (C:\\Users\\HP\\Dev\\projects\\Restaurant_App\\restaurant-BO\\node_modules\\jest-runner\\build\\runTest.js:444:34)","timestamp":"2026-08-15T15:35:34.275Z"}
{"error":"File save failed","jobId":"6a8087466b6b7fdc4fa16b6e","level":"error","message":"export.job.error","stack":"Error: File save failed\n    at Object.<anonymous> (C:\\Users\\HP\\Dev\\projects\\Restaurant_App\\restaurant-BO\\tests\\export-service-processJob.test.js:227:62)\n    at Promise.then.completed (C:\\Users\\HP\\Dev\\projects\\Restaurant_App\\restaurant-BO\\node_modules\\jest-circus\\build\\utils.js:298:28)\n    at new Promise (<anonymous>)\n    at callAsyncCircusFn (C:\\Users\\HP\\Dev\\projects\\Restaurant_App\\restaurant-BO\\node_modules\\jest-circus\\build\\utils.js:231:10)\n    at _callCircusTest (C:\\Users\\HP\\Dev\\projects\\Restaurant_App\\restaurant-BO\\node_modules\\jest-circus\\build\\run.js:316:40)\n    at _runTest (C:\\Users\\HP\\Dev\\projects\\Restaurant_App\\restaurant-BO\\node_modules\\jest-circus\\build\\run.js:252:3)\n    at _runTestsForDescribeBlock (C:\\Users\\HP\\Dev\\projects\\Restaurant_App\\restaurant-BO\\node_modules\\jest-circus\\build\\run.js:126:9)\n    at _runTestsForDescribeBlock (C:\\Users\\HP\\Dev\\projects\\Restaurant_App\\restaurant-BO\\node_modules\\jest-circus\\build\\run.js:121:9)\n    at _runTestsForDescribeBlock (C:\\Users\\HP\\Dev\\projects\\Restaurant_App\\restaurant-BO\\node_modules\\jest-circus\\build\\run.js:121:9)\n    at run (C:\\Users\\HP\\Dev\\projects\\Restaurant_App\\restaurant-BO\\node_modules\\jest-circus\\build\\run.js:71:3)\n    at runAndTransformResultsToJestFormat (C:\\Users\\HP\\Dev\\projects\\Restaurant_App\\restaurant-BO\\node_modules\\jest-circus\\build\\legacy-code-todo-rewrite\\jestAdapterInit.js:122:21)\n    at jestAdapter (C:\\Users\\HP\\Dev\\projects\\Restaurant_App\\restaurant-BO\\node_modules\\jest-circus\\build\\legacy-code-todo-rewrite\\jestAdapter.js:79:19)\n    at runTestInternal (C:\\Users\\HP\\Dev\\projects\\Restaurant_App\\restaurant-BO\\node_modules\\jest-runner\\build\\runTest.js:367:16)\n    at runTest (C:\\Users\\HP\\Dev\\projects\\Restaurant_App\\restaurant-BO\\node_modules\\jest-runner\\build\\runTest.js:444:34)","timestamp":"2026-08-15T15:35:34.275Z"}
{"error":"XLSX format is not yet implemented. Please use CSV format.","jobId":"6a8087466b6b7fdc4fa16b71","level":"error","message":"export.job.failed","reportType":"sales","stack":"Error: XLSX format is not yet implemented. Please use CSV format.\n    at ExportService.processSingleJob (C:\\Users\\HP\\Dev\\projects\\Restaurant_App\\restaurant-BO\\src\\modules\\reports\\service\\export.service.js:246:17)\n    at ExportService.processJob (C:\\Users\\HP\\Dev\\projects\\Restaurant_App\\restaurant-BO\\src\\modules\\reports\\service\\export.service.js:174:7)\n    at Object.<anonymous> (C:\\Users\\HP\\Dev\\projects\\Restaurant_App\\restaurant-BO\\tests\\export-service-processJob.test.js:253:7)","timestamp":"2026-08-15T15:35:34.277Z"}
{"error":"XLSX format is not yet implemented. Please use CSV format.","jobId":"6a8087466b6b7fdc4fa16b71","level":"error","message":"export.job.error","stack":"Error: XLSX format is not yet implemented. Please use CSV format.\n    at ExportService.processSingleJob (C:\\Users\\HP\\Dev\\projects\\Restaurant_App\\restaurant-BO\\src\\modules\\reports\\service\\export.service.js:246:17)\n    at ExportService.processJob (C:\\Users\\HP\\Dev\\projects\\Restaurant_App\\restaurant-BO\\src\\modules\\reports\\service\\export.service.js:174:7)\n    at Object.<anonymous> (C:\\Users\\HP\\Dev\\projects\\Restaurant_App\\restaurant-BO\\tests\\export-service-processJob.test.js:253:7)","timestamp":"2026-08-15T15:35:34.277Z"}
{"error":"PDF format is not yet implemented. Please use CSV format.","jobId":"6a8087466b6b7fdc4fa16b74","level":"error","message":"export.job.failed","reportType":"sales","stack":"Error: PDF format is not yet implemented. Please use CSV format.\n    at ExportService.processSingleJob (C:\\Users\\HP\\Dev\\projects\\Restaurant_App\\restaurant-BO\\src\\modules\\reports\\service\\export.service.js:250:17)\n    at ExportService.processJob (C:\\Users\\HP\\Dev\\projects\\Restaurant_App\\restaurant-BO\\src\\modules\\reports\\service\\export.service.js:174:7)\n    at Object.<anonymous> (C:\\Users\\HP\\Dev\\projects\\Restaurant_App\\restaurant-BO\\tests\\export-service-processJob.test.js:267:7)","timestamp":"2026-08-15T15:35:34.278Z"}
{"error":"PDF format is not yet implemented. Please use CSV format.","jobId":"6a8087466b6b7fdc4fa16b74","level":"error","message":"export.job.error","stack":"Error: PDF format is not yet implemented. Please use CSV format.\n    at ExportService.processSingleJob (C:\\Users\\HP\\Dev\\projects\\Restaurant_App\\restaurant-BO\\src\\modules\\reports\\service\\export.service.js:250:17)\n    at ExportService.processJob (C:\\Users\\HP\\Dev\\projects\\Restaurant_App\\restaurant-BO\\src\\modules\\reports\\service\\export.service.js:174:7)\n    at Object.<anonymous> (C:\\Users\\HP\\Dev\\projects\\Restaurant_App\\restaurant-BO\\tests\\export-service-processJob.test.js:267:7)","timestamp":"2026-08-15T15:35:34.278Z"}
{"error":"Unsupported report type: invalid_type","jobId":"6a8087466b6b7fdc4fa16b7b","level":"error","message":"export.job.failed","reportType":"invalid_type","stack":"Error: Unsupported report type: invalid_type\n    at ExportService.processSingleJob (C:\\Users\\HP\\Dev\\projects\\Restaurant_App\\restaurant-BO\\src\\modules\\reports\\service\\export.service.js:217:15)\n    at ExportService.processJob (C:\\Users\\HP\\Dev\\projects\\Restaurant_App\\restaurant-BO\\src\\modules\\reports\\service\\export.service.js:174:7)\n    at Object.<anonymous> (C:\\Users\\HP\\Dev\\projects\\Restaurant_App\\restaurant-BO\\tests\\export-service-processJob.test.js:304:7)","timestamp":"2026-08-15T15:35:34.283Z"}
{"error":"Unsupported report type: invalid_type","jobId":"6a8087466b6b7fdc4fa16b7b","level":"error","message":"export.job.error","stack":"Error: Unsupported report type: invalid_type\n    at ExportService.processSingleJob (C:\\Users\\HP\\Dev\\projects\\Restaurant_App\\restaurant-BO\\src\\modules\\reports\\service\\export.service.js:217:15)\n    at ExportService.processJob (C:\\Users\\HP\\Dev\\projects\\Restaurant_App\\restaurant-BO\\src\\modules\\reports\\service\\export.service.js:174:7)\n    at Object.<anonymous> (C:\\Users\\HP\\Dev\\projects\\Restaurant_App\\restaurant-BO\\tests\\export-service-processJob.test.js:304:7)","timestamp":"2026-08-15T15:35:34.284Z"}
{"error":"Export job 6a808837edbfd782b8ceec04 not found or not in pending status","jobId":"6a808837edbfd782b8ceec04","level":"error","message":"export.job.error","stack":"Error: Export job 6a808837edbfd782b8ceec04 not found or not in pending status\n    at ExportService.processJob (C:\\Users\\HP\\Dev\\projects\\Restaurant_App\\restaurant-BO\\src\\modules\\reports\\service\\export.service.js:163:15)\n    at Object.<anonymous> (C:\\Users\\HP\\Dev\\projects\\Restaurant_App\\restaurant-BO\\tests\\export-service-processJob.test.js:68:7)","timestamp":"2026-08-15T15:39:35.067Z"}
{"error":"Export job 6a808837edbfd782b8ceec04 not found or not in pending status","jobId":"6a808837edbfd782b8ceec04","level":"error","message":"export.job.error","stack":"Error: Export job 6a808837edbfd782b8ceec04 not found or not in pending status\n    at ExportService.processJob (C:\\Users\\HP\\Dev\\projects\\Restaurant_App\\restaurant-BO\\src\\modules\\reports\\service\\export.service.js:163:15)\n    at Object.<anonymous> (C:\\Users\\HP\\Dev\\projects\\Restaurant_App\\restaurant-BO\\tests\\export-service-processJob.test.js:69:7)","timestamp":"2026-08-15T15:39:35.074Z"}
{"error":"Export job 6a808837edbfd782b8ceec07 not found or not in pending status","jobId":"6a808837edbfd782b8ceec07","level":"error","message":"export.job.error","stack":"Error: Export job 6a808837edbfd782b8ceec07 not found or not in pending status\n    at ExportService.processJob (C:\\Users\\HP\\Dev\\projects\\Restaurant_App\\restaurant-BO\\src\\modules\\reports\\service\\export.service.js:163:15)\n    at Object.<anonymous> (C:\\Users\\HP\\Dev\\projects\\Restaurant_App\\restaurant-BO\\tests\\export-service-processJob.test.js:77:7)","timestamp":"2026-08-15T15:39:35.077Z"}
{"error":"Report generation failed","jobId":"6a808837edbfd782b8ceec1f","level":"error","message":"export.job.failed","reportType":"sales","stack":"Error: Report generation failed\n    at Object.<anonymous> (C:\\Users\\HP\\Dev\\projects\\Restaurant_App\\restaurant-BO\\tests\\export-service-processJob.test.js:203:53)\n    at Promise.then.completed (C:\\Users\\HP\\Dev\\projects\\Restaurant_App\\restaurant-BO\\node_modules\\jest-circus\\build\\utils.js:298:28)\n    at new Promise (<anonymous>)\n    at callAsyncCircusFn (C:\\Users\\HP\\Dev\\projects\\Restaurant_App\\restaurant-BO\\node_modules\\jest-circus\\build\\utils.js:231:10)\n    at _callCircusTest (C:\\Users\\HP\\Dev\\projects\\Restaurant_App\\restaurant-BO\\node_modules\\jest-circus\\build\\run.js:316:40)\n    at _runTest (C:\\Users\\HP\\Dev\\projects\\Restaurant_App\\restaurant-BO\\node_modules\\jest-circus\\build\\run.js:252:3)\n    at _runTestsForDescribeBlock (C:\\Users\\HP\\Dev\\projects\\Restaurant_App\\restaurant-BO\\node_modules\\jest-circus\\build\\run.js:126:9)\n    at _runTestsForDescribeBlock (C:\\Users\\HP\\Dev\\projects\\Restaurant_App\\restaurant-BO\\node_modules\\jest-circus\\build\\run.js:121:9)\n    at _runTestsForDescribeBlock (C:\\Users\\HP\\Dev\\projects\\Restaurant_App\\restaurant-BO\\node_modules\\jest-circus\\build\\run.js:121:9)\n    at run (C:\\Users\\HP\\Dev\\projects\\Restaurant_App\\restaurant-BO\\node_modules\\jest-circus\\build\\run.js:71:3)\n    at runAndTransformResultsToJestFormat (C:\\Users\\HP\\Dev\\projects\\Restaurant_App\\restaurant-BO\\node_modules\\jest-circus\\build\\legacy-code-todo-rewrite\\jestAdapterInit.js:122:21)\n    at jestAdapter (C:\\Users\\HP\\Dev\\projects\\Restaurant_App\\restaurant-BO\\node_modules\\jest-circus\\build\\legacy-code-todo-rewrite\\jestAdapter.js:79:19)\n    at runTestInternal (C:\\Users\\HP\\Dev\\projects\\Restaurant_App\\restaurant-BO\\node_modules\\jest-runner\\build\\runTest.js:367:16)\n    at runTest (C:\\Users\\HP\\Dev\\projects\\Restaurant_App\\restaurant-BO\\node_modules\\jest-runner\\build\\runTest.js:444:34)","timestamp":"2026-08-15T15:39:35.093Z"}
{"error":"Report generation failed","jobId":"6a808837edbfd782b8ceec1f","level":"error","message":"export.job.error","stack":"Error: Report generation failed\n    at Object.<anonymous> (C:\\Users\\HP\\Dev\\projects\\Restaurant_App\\restaurant-BO\\tests\\export-service-processJob.test.js:203:53)\n    at Promise.then.completed (C:\\Users\\HP\\Dev\\projects\\Restaurant_App\\restaurant-BO\\node_modules\\jest-circus\\build\\utils.js:298:28)\n    at new Promise (<anonymous>)\n    at callAsyncCircusFn (C:\\Users\\HP\\Dev\\projects\\Restaurant_App\\restaurant-BO\\node_modules\\jest-circus\\build\\utils.js:231:10)\n    at _callCircusTest (C:\\Users\\HP\\Dev\\projects\\Restaurant_App\\restaurant-BO\\node_modules\\jest-circus\\build\\run.js:316:40)\n    at _runTest (C:\\Users\\HP\\Dev\\projects\\Restaurant_App\\restaurant-BO\\node_modules\\jest-circus\\build\\run.js:252:3)\n    at _runTestsForDescribeBlock (C:\\Users\\HP\\Dev\\projects\\Restaurant_App\\restaurant-BO\\node_modules\\jest-circus\\build\\run.js:126:9)\n    at _runTestsForDescribeBlock (C:\\Users\\HP\\Dev\\projects\\Restaurant_App\\restaurant-BO\\node_modules\\jest-circus\\build\\run.js:121:9)\n    at _runTestsForDescribeBlock (C:\\Users\\HP\\Dev\\projects\\Restaurant_App\\restaurant-BO\\node_modules\\jest-circus\\build\\run.js:121:9)\n    at run (C:\\Users\\HP\\Dev\\projects\\Restaurant_App\\restaurant-BO\\node_modules\\jest-circus\\build\\run.js:71:3)\n    at runAndTransformResultsToJestFormat (C:\\Users\\HP\\Dev\\projects\\Restaurant_App\\restaurant-BO\\node_modules\\jest-circus\\build\\legacy-code-todo-rewrite\\jestAdapterInit.js:122:21)\n    at jestAdapter (C:\\Users\\HP\\Dev\\projects\\Restaurant_App\\restaurant-BO\\node_modules\\jest-circus\\build\\legacy-code-todo-rewrite\\jestAdapter.js:79:19)\n    at runTestInternal (C:\\Users\\HP\\Dev\\projects\\Restaurant_App\\restaurant-BO\\node_modules\\jest-runner\\build\\runTest.js:367:16)\n    at runTest (C:\\Users\\HP\\Dev\\projects\\Restaurant_App\\restaurant-BO\\node_modules\\jest-runner\\build\\runTest.js:444:34)","timestamp":"2026-08-15T15:39:35.094Z"}
{"error":"File save failed","jobId":"6a808837edbfd782b8ceec22","level":"error","message":"export.job.failed","reportType":"sales","stack":"Error: File save failed\n    at Object.<anonymous> (C:\\Users\\HP\\Dev\\projects\\Restaurant_App\\restaurant-BO\\tests\\export-service-processJob.test.js:227:62)\n    at Promise.then.completed (C:\\Users\\HP\\Dev\\projects\\Restaurant_App\\restaurant-BO\\node_modules\\jest-circus\\build\\utils.js:298:28)\n    at new Promise (<anonymous>)\n    at callAsyncCircusFn (C:\\Users\\HP\\Dev\\projects\\Restaurant_App\\restaurant-BO\\node_modules\\jest-circus\\build\\utils.js:231:10)\n    at _callCircusTest (C:\\Users\\HP\\Dev\\projects\\Restaurant_App\\restaurant-BO\\node_modules\\jest-circus\\build\\run.js:316:40)\n    at _runTest (C:\\Users\\HP\\Dev\\projects\\Restaurant_App\\restaurant-BO\\node_modules\\jest-circus\\build\\run.js:252:3)\n    at _runTestsForDescribeBlock (C:\\Users\\HP\\Dev\\projects\\Restaurant_App\\restaurant-BO\\node_modules\\jest-circus\\build\\run.js:126:9)\n    at _runTestsForDescribeBlock (C:\\Users\\HP\\Dev\\projects\\Restaurant_App\\restaurant-BO\\node_modules\\jest-circus\\build\\run.js:121:9)\n    at _runTestsForDescribeBlock (C:\\Users\\HP\\Dev\\projects\\Restaurant_App\\restaurant-BO\\node_modules\\jest-circus\\build\\run.js:121:9)\n    at run (C:\\Users\\HP\\Dev\\projects\\Restaurant_App\\restaurant-BO\\node_modules\\jest-circus\\build\\run.js:71:3)\n    at runAndTransformResultsToJestFormat (C:\\Users\\HP\\Dev\\projects\\Restaurant_App\\restaurant-BO\\node_modules\\jest-circus\\build\\legacy-code-todo-rewrite\\jestAdapterInit.js:122:21)\n    at jestAdapter (C:\\Users\\HP\\Dev\\projects\\Restaurant_App\\restaurant-BO\\node_modules\\jest-circus\\build\\legacy-code-todo-rewrite\\jestAdapter.js:79:19)\n    at runTestInternal (C:\\Users\\HP\\Dev\\projects\\Restaurant_App\\restaurant-BO\\node_modules\\jest-runner\\build\\runTest.js:367:16)\n    at runTest (C:\\Users\\HP\\Dev\\projects\\Restaurant_App\\restaurant-BO\\node_modules\\jest-runner\\build\\runTest.js:444:34)","timestamp":"2026-08-15T15:39:35.097Z"}
{"error":"File save failed","jobId":"6a808837edbfd782b8ceec22","level":"error","message":"export.job.error","stack":"Error: File save failed\n    at Object.<anonymous> (C:\\Users\\HP\\Dev\\projects\\Restaurant_App\\restaurant-BO\\tests\\export-service-processJob.test.js:227:62)\n    at Promise.then.completed (C:\\Users\\HP\\Dev\\projects\\Restaurant_App\\restaurant-BO\\node_modules\\jest-circus\\build\\utils.js:298:28)\n    at new Promise (<anonymous>)\n    at callAsyncCircusFn (C:\\Users\\HP\\Dev\\projects\\Restaurant_App\\restaurant-BO\\node_modules\\jest-circus\\build\\utils.js:231:10)\n    at _callCircusTest (C:\\Users\\HP\\Dev\\projects\\Restaurant_App\\restaurant-BO\\node_modules\\jest-circus\\build\\run.js:316:40)\n    at _runTest (C:\\Users\\HP\\Dev\\projects\\Restaurant_App\\restaurant-BO\\node_modules\\jest-circus\\build\\run.js:252:3)\n    at _runTestsForDescribeBlock (C:\\Users\\HP\\Dev\\projects\\Restaurant_App\\restaurant-BO\\node_modules\\jest-circus\\build\\run.js:126:9)\n    at _runTestsForDescribeBlock (C:\\Users\\HP\\Dev\\projects\\Restaurant_App\\restaurant-BO\\node_modules\\jest-circus\\build\\run.js:121:9)\n    at _runTestsForDescribeBlock (C:\\Users\\HP\\Dev\\projects\\Restaurant_App\\restaurant-BO\\node_modules\\jest-circus\\build\\run.js:121:9)\n    at run (C:\\Users\\HP\\Dev\\projects\\Restaurant_App\\restaurant-BO\\node_modules\\jest-circus\\build\\run.js:71:3)\n    at runAndTransformResultsToJestFormat (C:\\Users\\HP\\Dev\\projects\\Restaurant_App\\restaurant-BO\\node_modules\\jest-circus\\build\\legacy-code-todo-rewrite\\jestAdapterInit.js:122:21)\n    at jestAdapter (C:\\Users\\HP\\Dev\\projects\\Restaurant_App\\restaurant-BO\\node_modules\\jest-circus\\build\\legacy-code-todo-rewrite\\jestAdapter.js:79:19)\n    at runTestInternal (C:\\Users\\HP\\Dev\\projects\\Restaurant_App\\restaurant-BO\\node_modules\\jest-runner\\build\\runTest.js:367:16)\n    at runTest (C:\\Users\\HP\\Dev\\projects\\Restaurant_App\\restaurant-BO\\node_modules\\jest-runner\\build\\runTest.js:444:34)","timestamp":"2026-08-15T15:39:35.097Z"}
{"error":"XLSX format is not yet implemented. Please use CSV format.","jobId":"6a808837edbfd782b8ceec25","level":"error","message":"export.job.failed","reportType":"sales","stack":"Error: XLSX format is not yet implemented. Please use CSV format.\n    at ExportService.processSingleJob (C:\\Users\\HP\\Dev\\projects\\Restaurant_App\\restaurant-BO\\src\\modules\\reports\\service\\export.service.js:246:17)\n    at ExportService.processJob (C:\\Users\\HP\\Dev\\projects\\Restaurant_App\\restaurant-BO\\src\\modules\\reports\\service\\export.service.js:174:7)\n    at Object.<anonymous> (C:\\Users\\HP\\Dev\\projects\\Restaurant_App\\restaurant-BO\\tests\\export-service-processJob.test.js:253:7)","timestamp":"2026-08-15T15:39:35.100Z"}
{"error":"XLSX format is not yet implemented. Please use CSV format.","jobId":"6a808837edbfd782b8ceec25","level":"error","message":"export.job.error","stack":"Error: XLSX format is not yet implemented. Please use CSV format.\n    at ExportService.processSingleJob (C:\\Users\\HP\\Dev\\projects\\Restaurant_App\\restaurant-BO\\src\\modules\\reports\\service\\export.service.js:246:17)\n    at ExportService.processJob (C:\\Users\\HP\\Dev\\projects\\Restaurant_App\\restaurant-BO\\src\\modules\\reports\\service\\export.service.js:174:7)\n    at Object.<anonymous> (C:\\Users\\HP\\Dev\\projects\\Restaurant_App\\restaurant-BO\\tests\\export-service-processJob.test.js:253:7)","timestamp":"2026-08-15T15:39:35.100Z"}
{"error":"PDF format is not yet implemented. Please use CSV format.","jobId":"6a808837edbfd782b8ceec28","level":"error","message":"export.job.failed","reportType":"sales","stack":"Error: PDF format is not yet implemented. Please use CSV format.\n    at ExportService.processSingleJob (C:\\Users\\HP\\Dev\\projects\\Restaurant_App\\restaurant-BO\\src\\modules\\reports\\service\\export.service.js:250:17)\n    at ExportService.processJob (C:\\Users\\HP\\Dev\\projects\\Restaurant_App\\restaurant-BO\\src\\modules\\reports\\service\\export.service.js:174:7)\n    at Object.<anonymous> (C:\\Users\\HP\\Dev\\projects\\Restaurant_App\\restaurant-BO\\tests\\export-service-processJob.test.js:267:7)","timestamp":"2026-08-15T15:39:35.102Z"}
{"error":"PDF format is not yet implemented. Please use CSV format.","jobId":"6a808837edbfd782b8ceec28","level":"error","message":"export.job.error","stack":"Error: PDF format is not yet implemented. Please use CSV format.\n    at ExportService.processSingleJob (C:\\Users\\HP\\Dev\\projects\\Restaurant_App\\restaurant-BO\\src\\modules\\reports\\service\\export.service.js:250:17)\n    at ExportService.processJob (C:\\Users\\HP\\Dev\\projects\\Restaurant_App\\restaurant-BO\\src\\modules\\reports\\service\\export.service.js:174:7)\n    at Object.<anonymous> (C:\\Users\\HP\\Dev\\projects\\Restaurant_App\\restaurant-BO\\tests\\export-service-processJob.test.js:267:7)","timestamp":"2026-08-15T15:39:35.103Z"}
{"error":"Unsupported report type: invalid_type","jobId":"6a808837edbfd782b8ceec2f","level":"error","message":"export.job.failed","reportType":"invalid_type","stack":"Error: Unsupported report type: invalid_type\n    at ExportService.processSingleJob (C:\\Users\\HP\\Dev\\projects\\Restaurant_App\\restaurant-BO\\src\\modules\\reports\\service\\export.service.js:217:15)\n    at ExportService.processJob (C:\\Users\\HP\\Dev\\projects\\Restaurant_App\\restaurant-BO\\src\\modules\\reports\\service\\export.service.js:174:7)\n    at Object.<anonymous> (C:\\Users\\HP\\Dev\\projects\\Restaurant_App\\restaurant-BO\\tests\\export-service-processJob.test.js:304:7)","timestamp":"2026-08-15T15:39:35.112Z"}
{"error":"Unsupported report type: invalid_type","jobId":"6a808837edbfd782b8ceec2f","level":"error","message":"export.job.error","stack":"Error: Unsupported report type: invalid_type\n    at ExportService.processSingleJob (C:\\Users\\HP\\Dev\\projects\\Restaurant_App\\restaurant-BO\\src\\modules\\reports\\service\\export.service.js:217:15)\n    at ExportService.processJob (C:\\Users\\HP\\Dev\\projects\\Restaurant_App\\restaurant-BO\\src\\modules\\reports\\service\\export.service.js:174:7)\n    at Object.<anonymous> (C:\\Users\\HP\\Dev\\projects\\Restaurant_App\\restaurant-BO\\tests\\export-service-processJob.test.js:304:7)","timestamp":"2026-08-15T15:39:35.112Z"}
{"error":"Export job 6a815b03b05ed6a11c2a9a65 not found or not in pending status","jobId":"6a815b03b05ed6a11c2a9a65","level":"error","message":"export.job.error","stack":"Error: Export job 6a815b03b05ed6a11c2a9a65 not found or not in pending status\n    at ExportService.processJob (C:\\Users\\HP\\Dev\\projects\\Restaurant_App\\restaurant-BO\\src\\modules\\reports\\service\\export.service.js:163:15)\n    at Object.<anonymous> (C:\\Users\\HP\\Dev\\projects\\Restaurant_App\\restaurant-BO\\tests\\export-service-processJob.test.js:68:7)","timestamp":"2026-08-16T06:38:59.295Z"}
{"error":"Export job 6a815b03b05ed6a11c2a9a65 not found or not in pending status","jobId":"6a815b03b05ed6a11c2a9a65","level":"error","message":"export.job.error","stack":"Error: Export job 6a815b03b05ed6a11c2a9a65 not found or not in pending status\n    at ExportService.processJob (C:\\Users\\HP\\Dev\\projects\\Restaurant_App\\restaurant-BO\\src\\modules\\reports\\service\\export.service.js:163:15)\n    at Object.<anonymous> (C:\\Users\\HP\\Dev\\projects\\Restaurant_App\\restaurant-BO\\tests\\export-service-processJob.test.js:69:7)","timestamp":"2026-08-16T06:38:59.297Z"}
{"error":"Export job 6a815b03b05ed6a11c2a9a68 not found or not in pending status","jobId":"6a815b03b05ed6a11c2a9a68","level":"error","message":"export.job.error","stack":"Error: Export job 6a815b03b05ed6a11c2a9a68 not found or not in pending status\n    at ExportService.processJob (C:\\Users\\HP\\Dev\\projects\\Restaurant_App\\restaurant-BO\\src\\modules\\reports\\service\\export.service.js:163:15)\n    at Object.<anonymous> (C:\\Users\\HP\\Dev\\projects\\Restaurant_App\\restaurant-BO\\tests\\export-service-processJob.test.js:77:7)","timestamp":"2026-08-16T06:38:59.298Z"}
{"error":"Report generation failed","jobId":"6a815b03b05ed6a11c2a9a80","level":"error","message":"export.job.failed","reportType":"sales","stack":"Error: Report generation failed\n    at Object.<anonymous> (C:\\Users\\HP\\Dev\\projects\\Restaurant_App\\restaurant-BO\\tests\\export-service-processJob.test.js:203:53)\n    at Promise.then.completed (C:\\Users\\HP\\Dev\\projects\\Restaurant_App\\restaurant-BO\\node_modules\\jest-circus\\build\\utils.js:298:28)\n    at new Promise (<anonymous>)\n    at callAsyncCircusFn (C:\\Users\\HP\\Dev\\projects\\Restaurant_App\\restaurant-BO\\node_modules\\jest-circus\\build\\utils.js:231:10)\n    at _callCircusTest (C:\\Users\\HP\\Dev\\projects\\Restaurant_App\\restaurant-BO\\node_modules\\jest-circus\\build\\run.js:316:40)\n    at _runTest (C:\\Users\\HP\\Dev\\projects\\Restaurant_App\\restaurant-BO\\node_modules\\jest-circus\\build\\run.js:252:3)\n    at _runTestsForDescribeBlock (C:\\Users\\HP\\Dev\\projects\\Restaurant_App\\restaurant-BO\\node_modules\\jest-circus\\build\\run.js:126:9)\n    at _runTestsForDescribeBlock (C:\\Users\\HP\\Dev\\projects\\Restaurant_App\\restaurant-BO\\node_modules\\jest-circus\\build\\run.js:121:9)\n    at _runTestsForDescribeBlock (C:\\Users\\HP\\Dev\\projects\\Restaurant_App\\restaurant-BO\\node_modules\\jest-circus\\build\\run.js:121:9)\n    at run (C:\\Users\\HP\\Dev\\projects\\Restaurant_App\\restaurant-BO\\node_modules\\jest-circus\\build\\run.js:71:3)\n    at runAndTransformResultsToJestFormat (C:\\Users\\HP\\Dev\\projects\\Restaurant_App\\restaurant-BO\\node_modules\\jest-circus\\build\\legacy-code-todo-rewrite\\jestAdapterInit.js:122:21)\n    at jestAdapter (C:\\Users\\HP\\Dev\\projects\\Restaurant_App\\restaurant-BO\\node_modules\\jest-circus\\build\\legacy-code-todo-rewrite\\jestAdapter.js:79:19)\n    at runTestInternal (C:\\Users\\HP\\Dev\\projects\\Restaurant_App\\restaurant-BO\\node_modules\\jest-runner\\build\\runTest.js:367:16)\n    at runTest (C:\\Users\\HP\\Dev\\projects\\Restaurant_App\\restaurant-BO\\node_modules\\jest-runner\\build\\runTest.js:444:34)","timestamp":"2026-08-16T06:38:59.302Z"}
{"error":"Report generation failed","jobId":"6a815b03b05ed6a11c2a9a80","level":"error","message":"export.job.error","stack":"Error: Report generation failed\n    at Object.<anonymous> (C:\\Users\\HP\\Dev\\projects\\Restaurant_App\\restaurant-BO\\tests\\export-service-processJob.test.js:203:53)\n    at Promise.then.completed (C:\\Users\\HP\\Dev\\projects\\Restaurant_App\\restaurant-BO\\node_modules\\jest-circus\\build\\utils.js:298:28)\n    at new Promise (<anonymous>)\n    at callAsyncCircusFn (C:\\Users\\HP\\Dev\\projects\\Restaurant_App\\restaurant-BO\\node_modules\\jest-circus\\build\\utils.js:231:10)\n    at _callCircusTest (C:\\Users\\HP\\Dev\\projects\\Restaurant_App\\restaurant-BO\\node_modules\\jest-circus\\build\\run.js:316:40)\n    at _runTest (C:\\Users\\HP\\Dev\\projects\\Restaurant_App\\restaurant-BO\\node_modules\\jest-circus\\build\\run.js:252:3)\n    at _runTestsForDescribeBlock (C:\\Users\\HP\\Dev\\projects\\Restaurant_App\\restaurant-BO\\node_modules\\jest-circus\\build\\run.js:126:9)\n    at _runTestsForDescribeBlock (C:\\Users\\HP\\Dev\\projects\\Restaurant_App\\restaurant-BO\\node_modules\\jest-circus\\build\\run.js:121:9)\n    at _runTestsForDescribeBlock (C:\\Users\\HP\\Dev\\projects\\Restaurant_App\\restaurant-BO\\node_modules\\jest-circus\\build\\run.js:121:9)\n    at run (C:\\Users\\HP\\Dev\\projects\\Restaurant_App\\restaurant-BO\\node_modules\\jest-circus\\build\\run.js:71:3)\n    at runAndTransformResultsToJestFormat (C:\\Users\\HP\\Dev\\projects\\Restaurant_App\\restaurant-BO\\node_modules\\jest-circus\\build\\legacy-code-todo-rewrite\\jestAdapterInit.js:122:21)\n    at jestAdapter (C:\\Users\\HP\\Dev\\projects\\Restaurant_App\\restaurant-BO\\node_modules\\jest-circus\\build\\legacy-code-todo-rewrite\\jestAdapter.js:79:19)\n    at runTestInternal (C:\\Users\\HP\\Dev\\projects\\Restaurant_App\\restaurant-BO\\node_modules\\jest-runner\\build\\runTest.js:367:16)\n    at runTest (C:\\Users\\HP\\Dev\\projects\\Restaurant_App\\restaurant-BO\\node_modules\\jest-runner\\build\\runTest.js:444:34)","timestamp":"2026-08-16T06:38:59.302Z"}
{"error":"File save failed","jobId":"6a815b03b05ed6a11c2a9a83","level":"error","message":"export.job.failed","reportType":"sales","stack":"Error: File save failed\n    at Object.<anonymous> (C:\\Users\\HP\\Dev\\projects\\Restaurant_App\\restaurant-BO\\tests\\export-service-processJob.test.js:227:62)\n    at Promise.then.completed (C:\\Users\\HP\\Dev\\projects\\Restaurant_App\\restaurant-BO\\node_modules\\jest-circus\\build\\utils.js:298:28)\n    at new Promise (<anonymous>)\n    at callAsyncCircusFn (C:\\Users\\HP\\Dev\\projects\\Restaurant_App\\restaurant-BO\\node_modules\\jest-circus\\build\\utils.js:231:10)\n    at _callCircusTest (C:\\Users\\HP\\Dev\\projects\\Restaurant_App\\restaurant-BO\\node_modules\\jest-circus\\build\\run.js:316:40)\n    at _runTest (C:\\Users\\HP\\Dev\\projects\\Restaurant_App\\restaurant-BO\\node_modules\\jest-circus\\build\\run.js:252:3)\n    at _runTestsForDescribeBlock (C:\\Users\\HP\\Dev\\projects\\Restaurant_App\\restaurant-BO\\node_modules\\jest-circus\\build\\run.js:126:9)\n    at _runTestsForDescribeBlock (C:\\Users\\HP\\Dev\\projects\\Restaurant_App\\restaurant-BO\\node_modules\\jest-circus\\build\\run.js:121:9)\n    at _runTestsForDescribeBlock (C:\\Users\\HP\\Dev\\projects\\Restaurant_App\\restaurant-BO\\node_modules\\jest-circus\\build\\run.js:121:9)\n    at run (C:\\Users\\HP\\Dev\\projects\\Restaurant_App\\restaurant-BO\\node_modules\\jest-circus\\build\\run.js:71:3)\n    at runAndTransformResultsToJestFormat (C:\\Users\\HP\\Dev\\projects\\Restaurant_App\\restaurant-BO\\node_modules\\jest-circus\\build\\legacy-code-todo-rewrite\\jestAdapterInit.js:122:21)\n    at jestAdapter (C:\\Users\\HP\\Dev\\projects\\Restaurant_App\\restaurant-BO\\node_modules\\jest-circus\\build\\legacy-code-todo-rewrite\\jestAdapter.js:79:19)\n    at runTestInternal (C:\\Users\\HP\\Dev\\projects\\Restaurant_App\\restaurant-BO\\node_modules\\jest-runner\\build\\runTest.js:367:16)\n    at runTest (C:\\Users\\HP\\Dev\\projects\\Restaurant_App\\restaurant-BO\\node_modules\\jest-runner\\build\\runTest.js:444:34)","timestamp":"2026-08-16T06:38:59.303Z"}
{"error":"File save failed","jobId":"6a815b03b05ed6a11c2a9a83","level":"error","message":"export.job.error","stack":"Error: File save failed\n    at Object.<anonymous> (C:\\Users\\HP\\Dev\\projects\\Restaurant_App\\restaurant-BO\\tests\\export-service-processJob.test.js:227:62)\n    at Promise.then.completed (C:\\Users\\HP\\Dev\\projects\\Restaurant_App\\restaurant-BO\\node_modules\\jest-circus\\build\\utils.js:298:28)\n    at new Promise (<anonymous>)\n    at callAsyncCircusFn (C:\\Users\\HP\\Dev\\projects\\Restaurant_App\\restaurant-BO\\node_modules\\jest-circus\\build\\utils.js:231:10)\n    at _callCircusTest (C:\\Users\\HP\\Dev\\projects\\Restaurant_App\\restaurant-BO\\node_modules\\jest-circus\\build\\run.js:316:40)\n    at _runTest (C:\\Users\\HP\\Dev\\projects\\Restaurant_App\\restaurant-BO\\node_modules\\jest-circus\\build\\run.js:252:3)\n    at _runTestsForDescribeBlock (C:\\Users\\HP\\Dev\\projects\\Restaurant_App\\restaurant-BO\\node_modules\\jest-circus\\build\\run.js:126:9)\n    at _runTestsForDescribeBlock (C:\\Users\\HP\\Dev\\projects\\Restaurant_App\\restaurant-BO\\node_modules\\jest-circus\\build\\run.js:121:9)\n    at _runTestsForDescribeBlock (C:\\Users\\HP\\Dev\\projects\\Restaurant_App\\restaurant-BO\\node_modules\\jest-circus\\build\\run.js:121:9)\n    at run (C:\\Users\\HP\\Dev\\projects\\Restaurant_App\\restaurant-BO\\node_modules\\jest-circus\\build\\run.js:71:3)\n    at runAndTransformResultsToJestFormat (C:\\Users\\HP\\Dev\\projects\\Restaurant_App\\restaurant-BO\\node_modules\\jest-circus\\build\\legacy-code-todo-rewrite\\jestAdapterInit.js:122:21)\n    at jestAdapter (C:\\Users\\HP\\Dev\\projects\\Restaurant_App\\restaurant-BO\\node_modules\\jest-circus\\build\\legacy-code-todo-rewrite\\jestAdapter.js:79:19)\n    at runTestInternal (C:\\Users\\HP\\Dev\\projects\\Restaurant_App\\restaurant-BO\\node_modules\\jest-runner\\build\\runTest.js:367:16)\n    at runTest (C:\\Users\\HP\\Dev\\projects\\Restaurant_App\\restaurant-BO\\node_modules\\jest-runner\\build\\runTest.js:444:34)","timestamp":"2026-08-16T06:38:59.304Z"}
{"error":"XLSX format is not yet implemented. Please use CSV format.","jobId":"6a815b03b05ed6a11c2a9a86","level":"error","message":"export.job.failed","reportType":"sales","stack":"Error: XLSX format is not yet implemented. Please use CSV format.\n    at ExportService.processSingleJob (C:\\Users\\HP\\Dev\\projects\\Restaurant_App\\restaurant-BO\\src\\modules\\reports\\service\\export.service.js:246:17)\n    at ExportService.processJob (C:\\Users\\HP\\Dev\\projects\\Restaurant_App\\restaurant-BO\\src\\modules\\reports\\service\\export.service.js:174:7)\n    at Object.<anonymous> (C:\\Users\\HP\\Dev\\projects\\Restaurant_App\\restaurant-BO\\tests\\export-service-processJob.test.js:253:7)","timestamp":"2026-08-16T06:38:59.304Z"}
{"error":"XLSX format is not yet implemented. Please use CSV format.","jobId":"6a815b03b05ed6a11c2a9a86","level":"error","message":"export.job.error","stack":"Error: XLSX format is not yet implemented. Please use CSV format.\n    at ExportService.processSingleJob (C:\\Users\\HP\\Dev\\projects\\Restaurant_App\\restaurant-BO\\src\\modules\\reports\\service\\export.service.js:246:17)\n    at ExportService.processJob (C:\\Users\\HP\\Dev\\projects\\Restaurant_App\\restaurant-BO\\src\\modules\\reports\\service\\export.service.js:174:7)\n    at Object.<anonymous> (C:\\Users\\HP\\Dev\\projects\\Restaurant_App\\restaurant-BO\\tests\\export-service-processJob.test.js:253:7)","timestamp":"2026-08-16T06:38:59.305Z"}
{"error":"PDF format is not yet implemented. Please use CSV format.","jobId":"6a815b03b05ed6a11c2a9a89","level":"error","message":"export.job.failed","reportType":"sales","stack":"Error: PDF format is not yet implemented. Please use CSV format.\n    at ExportService.processSingleJob (C:\\Users\\HP\\Dev\\projects\\Restaurant_App\\restaurant-BO\\src\\modules\\reports\\service\\export.service.js:250:17)\n    at ExportService.processJob (C:\\Users\\HP\\Dev\\projects\\Restaurant_App\\restaurant-BO\\src\\modules\\reports\\service\\export.service.js:174:7)\n    at Object.<anonymous> (C:\\Users\\HP\\Dev\\projects\\Restaurant_App\\restaurant-BO\\tests\\export-service-processJob.test.js:267:7)","timestamp":"2026-08-16T06:38:59.305Z"}
{"error":"PDF format is not yet implemented. Please use CSV format.","jobId":"6a815b03b05ed6a11c2a9a89","level":"error","message":"export.job.error","stack":"Error: PDF format is not yet implemented. Please use CSV format.\n    at ExportService.processSingleJob (C:\\Users\\HP\\Dev\\projects\\Restaurant_App\\restaurant-BO\\src\\modules\\reports\\service\\export.service.js:250:17)\n    at ExportService.processJob (C:\\Users\\HP\\Dev\\projects\\Restaurant_App\\restaurant-BO\\src\\modules\\reports\\service\\export.service.js:174:7)\n    at Object.<anonymous> (C:\\Users\\HP\\Dev\\projects\\Restaurant_App\\restaurant-BO\\tests\\export-service-processJob.test.js:267:7)","timestamp":"2026-08-16T06:38:59.305Z"}
{"error":"Unsupported report type: invalid_type","jobId":"6a815b03b05ed6a11c2a9a90","level":"error","message":"export.job.failed","reportType":"invalid_type","stack":"Error: Unsupported report type: invalid_type\n    at ExportService.processSingleJob (C:\\Users\\HP\\Dev\\projects\\Restaurant_App\\restaurant-BO\\src\\modules\\reports\\service\\export.service.js:217:15)\n    at ExportService.processJob (C:\\Users\\HP\\Dev\\projects\\Restaurant_App\\restaurant-BO\\src\\modules\\reports\\service\\export.service.js:174:7)\n    at Object.<anonymous> (C:\\Users\\HP\\Dev\\projects\\Restaurant_App\\restaurant-BO\\tests\\export-service-processJob.test.js:304:7)","timestamp":"2026-08-16T06:38:59.307Z"}
{"error":"Unsupported report type: invalid_type","jobId":"6a815b03b05ed6a11c2a9a90","level":"error","message":"export.job.error","stack":"Error: Unsupported report type: invalid_type\n    at ExportService.processSingleJob (C:\\Users\\HP\\Dev\\projects\\Restaurant_App\\restaurant-BO\\src\\modules\\reports\\service\\export.service.js:217:15)\n    at ExportService.processJob (C:\\Users\\HP\\Dev\\projects\\Restaurant_App\\restaurant-BO\\src\\modules\\reports\\service\\export.service.js:174:7)\n    at Object.<anonymous> (C:\\Users\\HP\\Dev\\projects\\Restaurant_App\\restaurant-BO\\tests\\export-service-processJob.test.js:304:7)","timestamp":"2026-08-16T06:38:59.307Z"}
